Date,Intent,Product,Quantity,Part Number,Brand,Condition,Sender Company,Subject
5/7/2025 10:52:01,WTS,DELL,2000,LAPTOP,,--,inc,"[Laptop] WTS: 2000, Dell, Chromebook Touch Screen 5190 2 in 1 /4GB/32GB, B, offer EUR"
5/7/2025 10:51:41,WTS,HP,30,NETWORKING/TELECOM,,Refurb,inc,"[Networking/Telecom] WTS: 30, HP, Z2 G9 Tower Workstation Part # 9Y435U8R#ABA, A, offer EUR"
5/7/2025 10:51:28,WTS,DELL,57,LAPTOP,,--,inc,"[Laptop] WTS: 57, Dell, Precision laptops- qty 57, A/B, offer EUR"
5/7/2025 10:48:24,WTS,LENOVO,49,LAPTOP,,--,inc,"[Laptop] WTS: 49, Lenovo, Lenovo P1 Gen3/4 P15 Gen1/2 - Laptops- qty 49, A/B, offer EUR"
5/7/2025 10:24:04,WTS,DELL,26,OPTIPLEX,,--,--,"[PC] WTS: 26, Dell, Optiplex 5060/5070 Desktop Core i3-8/9th, Grade A/B Mix, Offer  EUR"
5/7/2025 10:15:57,WTS,HP,150,LAPTOP,,Refurb,--,"[Laptop] WTS: 150, HP EliteBook 840 G8 Notebook PC, 4V0C1EC, A, 275 USD"
5/7/2025 9:58:41,WTS,--,96,ISERIES,,--,llc,WTS: Intel iSeries Processors CPU
5/7/2025 9:44:48,WTS,--,800,INGENICO,,New,--,"[POS] WTS: 800, Ingenico, MOV500-CAPPT01B , new in Box, Offers EUR"
5/7/2025 9:22:32,WTS,LENOVO,53,LENOVO,,--,--,"[PC] WTS: 53, Lenovo , ThinkCentre M75q Gen 2 Tiny AMD Ryzen  5 PRO , Grade A , Offer  EUR"
5/7/2025 9:08:53,WTB,HP,3,SERVER/STORAGE,,--,--,"[Server/Storage] WTB: 3, HP, DL360 G9, A GRADE, OFFER EUR"
5/7/2025 9:07:15,WTB,LENOVO,100,LAPTOP,,Refurb,--,"[Laptop] WTB: 100+, Lenovo, Thinkpad X1 Carbon Gen 8 i5-i7 10th Gen CPU, Factory Refurbished, 232 EUR"
5/7/2025 9:03:36,WTB,LENOVO,100,LAPTOP,,Refurb,--,"[Laptop] WTB: 100+, LENOVO, Thinkpad X13 Gen 2 i5-i7 11th Gen CPU, Factory Refurbished, 191 EUR"
5/7/2025 8:58:33,WTS,--,160,LAPTOP,,--,--,"[Laptop] WTS: 160, Acer, Chromebook 12 Spin 512 R851TN-P4VW 2n1 8/64GB Blk, B, Offer USD"
5/7/2025 8:57:36,WTS,DELL,180,LAPTOP,,--,--,"[Laptop] WTS: 180, Dell, Dell Chromebook 11 3100 Non-Touch 4GB-16GB Black, B, Offer USD"
5/7/2025 8:56:41,WTS,LENOVO,368,LAPTOP,,--,--,"[Laptop] WTS: 368, Lenovo, Chromebook 11 500e 2nd Gen 2n1 4GB-32GB Black, B Grade, Offer USD"
5/7/2025 8:54:48,WTB,LENOVO,480,LAPTOP,,--,--,"[Laptop] WTB: Bulk, Lenovo, Thinkpad T480 i5-8th Gen 16GB 256GB , A, Offers EUR"
5/7/2025 8:54:42,WTS,DELL,730,LAPTOP,,--,--,"[Laptop] WTS: 730, Dell, Chromebook 11 3100 Non-Touch 4GB-16GB Black, B Grade, Offer USD"
5/7/2025 8:53:10,WTS,LENOVO,800,LAPTOP,,--,--,"[Laptop] WTS: 800, Lenovo, Chromebook 11 300e 2nd Gen AST 2n1 4GB-32GB Black, B grade, Offer USD"
5/7/2025 8:52:13,WTS,HP,70,LAPTOP,,--,--,"[Laptop] WTS: 70, HP, 840 G7 14"" Touch i5-10310U 16GB 256GB W10P/US, A/B, 195 EUR"
5/7/2025 8:46:09,WTS,HP,280,LAPTOP,,Refurb,inc,"[Laptop] WTS: 280, HP, EliteBook 840 G9 i7-12 32GB 512GB 14"", Refurbished A, * USD"
5/7/2025 8:41:23,WTS,--,1000,MONITOR,,--,--,"[Monitor] WTS: 1000, fits any, monitor stands PIVOT, VESA, F/S, ask EUR"
5/7/2025 8:41:06,WTS,HP,1000,COMPONENTS,,New,--,"[Components] WTS: 1000+, For Any:HP, Dell, Lenovo, Fujitsu, Asus, Nec, Acer, universal monitor STANDS VESA 100x100, 75x75 mm,  NEW, boxed, ASK EUR"
5/7/2025 8:36:59,WTB,HP,6,COMPONENTS,,New,--,"[Components] WTB: 6, HPE SR416ie-m Gen11 x16 Lanes 4GB Cache SPDM  , P39959-B21, ref / new , best  EUR"
5/7/2025 8:36:30,WTS,DELL,50,LAPTOP,,Refurb,--,"[Laptop] WTS: 50, Dell, Dell Latitude 5420 i5-1135G7 8GB SSD 256GB, Factory Refurbished, 238 EUR"
5/7/2025 8:36:16,WTB,HP,10,LAPTOP,,--,--,"[Laptop] WTB: 10, HP, 840 G9 i5/i7 16Gb 512Gb , Grade A , Offers  GBP"
5/7/2025 8:32:06,WTS,LENOVO,1,LAPTOP,,--,--,"[Laptop] WTS: 1-3, Lenovo, ThinkPad L15 i5 1235U 16GB 256Gb Sweden Key, Grade A, Ask EUR"
5/7/2025 8:30:27,WTS,LENOVO,50,LENOVO,,--,--,"[PC] WTS: +50, LENOVO V50A-24IMB AIO 24"", i7-10700T 16Gb 512Gb NVME WIFI STAND, A-B, offer EUR"
5/7/2025 8:28:04,WTS,APPLE,41,LAPTOP,,New,--,"[Laptop] WTS: 41, APPLE, MACBOOK AIR13,3 A1466 A1369, NEW, 5 EUR"
5/7/2025 8:24:15,WTB,--,300,NETWORKING/TELECOM,,Used,--,"[Networking/Telecom] WTB: 300, Meraki, MR44, MR36, MR86, used, email USD"
5/7/2025 8:20:05,WTB,DELL,80,OFFERS,,--,--,"[PC] WTB: 80, DELL, 7060 MINI I5 8/256 AC, A, OFFERS GBP"
5/7/2025 8:15:55,WTS,--,12,SERVER/STORAGE,,--,--,"[Server/Storage] WTS: 12, Gigabyte, Watercooled server epyc 1-2 with GPU, A, Offer EUR"
5/7/2025 8:12:40,WTS,--,25,COMPONENTS,,New,--,"[Components] WTS: 25, PNY, NVIDIA H200 NVL PCIE 141 GB HBM3e, NEW, 27,100 USD"
5/7/2025 8:14:33,WTS,DELL,1,LAPTOP,,--,--,"[Laptop] WTS: 1-8, Dell,  Precision 5760 i7 64GB 1TB RTX A3000, Grade A/A-, Ask EUR"
5/7/2025 8:13:47,WTB,DELL,1,SERVER/STORAGE,,Used,--,"[Server/Storage] WTB: 1, IBM, RS/6000, Used, send price EUR"
5/7/2025 8:06:10,WTS,--,132,COMPONENTS,,--,--,"[Components] WTS: 132, intel, SR3GL 3106 XENON BRONZE 1.70GHz Processors/CP, tested pulls, 5.50 EUR"
5/7/2025 8:01:02,WTS,LENOVO,41,LAPTOP,,--,inc,"[Laptop] WTS: 41, LENOVO, X260 X270 X280, A REF, 59/OFFER EUR"
5/7/2025 8:06:02,WTS,HP,50,SERVER/STORAGE,,New,--,"[Server/Storage] WTS: 50, HP, EB627P#106 36/72GB DDS5 USB 5.25"" Black Tape Drive, NEW in Box, 35 USD"
5/7/2025 8:05:27,WTS,DELL,24,LAPTOP,,--,--,"[Laptop] WTS: 24, DELL, XPS 13"" I7-8TH 8GB 256GB touch, A/A-, 135 EUR"
5/7/2025 8:06:19,WTS,--,260,NETWORKING/TELECOM,,New,--,"[Networking/Telecom] WTS: 260, FINISAR, 10GBase XFR & SFP SR/SW, LR & ZR Transceivers, tested pulls, offer EUR"
5/7/2025 8:05:54,WTS,--,10,NETWORKING/TELECOM,,New,--,"[Networking/Telecom] WTS: 10, Cisco, NME-APPRE-302-K9 & NME-APPRE-502-K9 Modules, used pulls, offer EUR"
5/7/2025 8:05:45,WTS,--,46,COMPONENTS,,Used,--,"[Components] WTS: 46, WARE , 7430 7441 7440 7443, used good, 35 EUR"
5/7/2025 8:02:19,WTS,DELL,80,256SSD,,--,--,"[PC] WTS: 80, DELL SFF 7060, i5-8500 8Gb 256SSd, GOOD, 125 EUR"
5/7/2025 7:58:18,WTS,HP,1000,LAPTOP,,--,--,"[Laptop] WTS: 1000+, HP, 1MK33AA, 925698-001 USB-C Dock + AC 90W adapter, Very good, 21 EUR"
5/7/2025 7:42:10,WTB,DELL,40,COMPONENTS,,--,--,"[Components] WTB: 40, Dell / Generic, 3.84TB SAS 12G, 90% Health, 200 EUR"
5/7/2025 7:57:53,WTS,--,132,BEETRONICS,,New,inc,"[POS] WTS: 132, Beetronics 10TF2, 10.1-inch monitors, Brand New, 45 EUR"
5/7/2025 7:56:23,WTS,LENOVO,40,LAPTOP,,--,--,"[Laptop] WTS: 40, Lenovo ThinkPad X13 Gen 1, AMD Ryzen 3, 8GB, 256GB SSD, Grade A/A-/B, offers EUR"
5/7/2025 7:55:48,WTS,HP,354,MONITOR,,--,inc,"[Monitor] WTS: 354, Eizo HP, Mostly 24 inch No stand, A/B, Offer EUR"
5/7/2025 7:52:40,WTS,HP,495,COMPONENTS,,Used,--,"[Components] WTS: 495, HP, 45w Type-C original used tested, A, 3000 EUR"
5/7/2025 7:51:26,WTS,--,100,MOBILE,,New,--,"[Mobile] WTS: 100+, REALME, mix, NEW, ASK EUR"
5/7/2025 7:50:20,WTS,--,100,MOBILE,,New,--,"[Mobile] WTS: 100+, Samsung, mix, NEW , ASK EUR"
5/7/2025 7:46:52,WTS,APPLE,50,LAPTOP,,--,--,"[Laptop] WTS: 50, Apple, A2251, MIX, ASK EUR"
5/7/2025 7:49:18,WTS,APPLE,100,TABLET,,New,--,"[Tablet] WTS: 100+, Apple, mix, NEW, ASK EUR"
5/7/2025 7:48:00,WTS,APPLE,20,LAPTOP,,--,--,"[Laptop] WTS: 20, Apple, A2442 , A, ASK EUR"
5/7/2025 7:47:26,WTS,APPLE,50,LAPTOP,,--,--,"[Laptop] WTS: 50, Apple, A1990 , B, ASK EUR"
5/7/2025 7:44:52,WTS,APPLE,50,LAPTOP,,--,--,"[Laptop] WTS: 50, Apple, A2941, A, ASK EUR"
5/7/2025 7:44:30,WTS,--,1500,COMPONENTS,,--,company,"[Components] WTS: 1500, major, 32 gb m2 ssd, a grade, offers EUR"
5/7/2025 7:41:26,WTS,--,15,SERVER/STORAGE,,--,--,"[Server/Storage] WTS: 15, Intel Xeon, Platinum Processor 8176M SR37U, A, make offer EUR"
5/7/2025 7:37:25,WTS,APPLE,300,MOBILE,,New,--,"[Mobile] WTS: 300, Apple, iPhone 13, 128GB, original devices, AB grade, 229 EUR"
5/7/2025 7:36:35,WTS,APPLE,10,LAPTOP,,--,--,"[Laptop] WTS: 10, Apple, A2251 , MIX, ASK EUR"
5/7/2025 7:36:44,WTS,--,1400,COMPONENTS,,--,--,"[Components] WTS: +1400 , MAJOR BRANDS, 4GB  2400 MHz, SO-DIMM , A, best EUR"
5/7/2025 7:32:48,WTS,HP,50,COMPONENTS,,--,org,"[Components] WTS: 50-300, HP, 65w Blue Pin charger, OK, 6 EUR"
5/7/2025 7:32:47,WTS,HP,12,SERVER/STORAGE,,--,inc,"[Server/Storage] WTS: 12, HP, DriveShelf M6720, B, Offer USD"
5/7/2025 7:32:28,WTS,HP,12,SERVER/STORAGE,,--,inc,"[Server/Storage] WTS: 12, HP, DriveShelf M6710 , B, Offer USD"
5/7/2025 7:32:20,WTS,HP,10,SERVER/STORAGE,,--,inc,"[Server/Storage] WTS: 10, HPE, 3135AA, B, Offer USD"
5/7/2025 7:31:52,WTS,HP,36,LAPTOP,,--,--,"[Laptop] WTS: 36, HP, 840 g5 g6 850 g5 1040 g4 g5 g6 x360, A/B, 125 EUR"
5/7/2025 7:31:09,WTB,DELL,100,SERVER/STORAGE,,--,--,"[Server/Storage] WTB: 100+, Dell, iDrac Enterprise License , Any, Offers EUR"
5/7/2025 7:28:10,WTS,--,10,SERVER/STORAGE,,--,--,"[Server/Storage] WTS: 10, Intel Xeon , Platinum Processor 8276 SRF99, A, make offer EUR"
5/7/2025 7:27:42,WTS,LENOVO,80,LAPTOP,,Refurb,--,"[Laptop] WTS: 80, Lenovo, X380 X390 i5-8th/AMD Ryzen 8/16gb 256gb, A Ref, 109.99 EUR"
5/7/2025 7:26:16,WTS,--,3251,NETWORKING/TELECOM,,New,--,"[Networking/Telecom] WTS: 3251, SANGOMA, S406, S505, S705 IP PHONE, NEW, 70$+ USD"
5/7/2025 7:25:07,WTS,--,50,SERVER/STORAGE,,--,--,"[Server/Storage] WTS: 50, Intel Xeon,  Gold 5222 SRF8V , A, make offer EUR"
5/7/2025 7:24:41,WTS,LENOVO,200,LENOVO,,--,--,"[PC] WTS: +200, LENOVO , THINKCENTRE M920Q (TFF) i5-8500T 8GB - 256GB SSD, GRADE A, Offer EUR EUR"
5/7/2025 7:23:13,WTS,--,462,NETWORKING/TELECOM,,New,--,"[Networking/Telecom] WTS: 462, RUCKUS, H550 INDOOR & R320, R350, R750 WIRELESS Acs.point, NEW, 200$+ USD"
5/7/2025 7:20:33,WTS,--,37,SERVER/STORAGE,,New,--,"[Server/Storage] WTS: 37, ARUBA, JL815A#ABB, NEW, 435 EUR"
5/7/2025 7:19:25,WTS,--,50,SERVER/STORAGE,,--,--,"[Server/Storage] WTS: 50, Intel Xeon , Gold 6146 SR3MA, A, make offer EUR"
5/7/2025 7:19:32,WTS,--,56,LAPTOP,,--,--,"[Laptop] WTS: 56, Microsoft surface pro 7 +, I7-11 , B-D, CALL EUR"
5/7/2025 7:11:28,WTS,--,1350,NETWORKING/TELECOM,,New,--,"[Networking/Telecom] WTS: 1350, FANVIL, V62G, V64, V65, X210, X303P, X7, X7C IP PHONE, NEW, 40+ USD"
5/7/2025 6:44:33,WTS,--,1400,COMPONENTS,,--,--,"[Components] WTS: 1400, MAJOR BRANDS, 1TB 2TB 3TB 3.5 SATA HDD, A, ASK EUR"
5/7/2025 7:17:13,WTS,--,85,COMPONENTS,,New,--,"[Components] WTS: 85, Poly, 76J12AA Poly Blackwire 3315, New F/S, 21 GBP"
5/7/2025 7:15:44,WTS,DELL,70,WINPRO,,--,--,"[PC] WTS: 70, dell 3070 micro, i5 9500t 8gb 256gb winpro psu, grade A, ask EUR"
5/7/2025 7:13:18,WTS,HP,800,LAPTOP,,--,inc,"[Laptop] WTS: 800, HP, Elitebook | 840 G8, Grade AB, ASK USD"
5/7/2025 7:12:33,WTS,HP,150,SERVER/STORAGE,,--,--,"[Server/Storage] WTS: 150, HP 668261-002 Drive Carrier , 2.5"" - 3.5"" Adapter Caddy Trays, Grade A pulls, offer GBP"
5/7/2025 7:10:44,WTB,--,66,COMPONENTS,,--,--,"[Components] WTB: 66, Nvidia, Tesla T4, a, 0 EUR"
5/7/2025 7:08:31,WTS,--,246,PRINTER,,--,company,"[Printer] WTS: 246, CANON, LBP228x â€“ Power & Performance in One, Working, Offer us USD"
5/7/2025 7:07:03,WTS,DELL,200,SEALED,,New,--,"[PC] WTS: 200+, Dell AIO 7420 24"", i5-14500 16gb 256gb , New Sealed, 565 EUR"
5/7/2025 7:05:20,WTS,--,169,PRINTER,,--,--,"[Printer] WTS: 169, CANON, LBP226dw â€“ Precision Meets Efficiency, Working, Offer us USD"
5/7/2025 7:02:37,WTS,HP,800,LAPTOP,,Refurb,inc,"[Laptop] WTS: 800, HP, EliteBook 845 G8 AMD R5 PRO 16GB 256GB 14"", Refurbished A, * USD"
5/7/2025 7:04:16,WTS,LENOVO,27,COMPONENTS,,New,--,"[Components] WTS: 27, Lenovo, 3.84TB 12G 2.5"" SAS New Zero Hours, Open Box, Offer GBP"
5/7/2025 7:02:17,WTS,--,32224,CABLES,,New,--,"[PC] WTS: 32224, Cables, Power Cables, new, OFFER EUR"
5/7/2025 7:01:52,WTS,--,50,LAPTOP,,Refurb,inc,"[Laptop] WTS: 50-2000, Any, Laptop Screen Repair service , C TO A+, 12.5 EUR"
5/7/2025 7:00:07,WTS,--,148,PRINTER,,New,--,"[Printer] WTS: 148, EPSON, EPSON DS-870 DOCUMENT SCANNER (NEW), NEW , 575 USD"
5/7/2025 6:59:00,WTS,--,99,MONITOR,,--,--,"[Monitor] WTS: 99, Samsung, 23"" FHD Screens, AB, 14 EUR"
5/7/2025 7:00:00,WTS,--,400,TABLET,,--,inc,"[Tablet] WTS: 400, ipad mini 2, mini 2, ab, 30 EUR"
5/7/2025 6:58:48,WTS,--,40,TABLET,,--,inc,"[Tablet] WTS: 40, ipad 6, ipad 6 wifi , ab, 52 EUR"
5/7/2025 6:57:39,WTS,HP,137,LAPTOP,,New,llc,"[Laptop] WTS: 137, HP, 5TW10 G5 Docking Stations, New - No Box, 130 USD"
5/7/2025 6:56:54,WTS,--,2,MOBILE,,Used,inc,"[POS] WTS: 2,500, IPC Mobile, DPP-450BT mPOS, Grade A/B, $87,500 USD"
5/7/2025 6:57:19,WTS,--,1000,COMPONENTS,,Used,company,"[Components] WTS: 1000, EDac, EA 10953 Power Supplies For Toshibas, Grade A/B, 8000 USD"
5/7/2025 6:55:42,WTS,--,36,NETWORKING/TELECOM,,New,inc,"[Networking/Telecom] WTS: 36, Avaya Nortel 48V, PSC18U-480 Power Supply, New in Box, 18 USD"
5/7/2025 6:55:34,WTS,--,265,TABLET,,--,inc,"[Tablet] WTS: 265, samsung  tab A- 2019-   4G cellulair-wifi- Androi, 4G cellulair-wifi- Android 10- 32 gb , ab, 55 EUR"
5/7/2025 6:55:52,WTS,--,48,PRINTER,,New,llc,"[Printer] WTS: 48, DNP, DS-RX1 HS Digital Photo Printer, A/B Used, $415.00 USD"
5/7/2025 6:49:13,WTS,HP,100,LAPTOP,,New,--,"[Laptop] WTS: 100, HP 830 G5, Intel Core i5-7300U / 2,6GHz, 256GB SSD, RAM: 8GB, tested- new battery, Best offer EUR"
5/7/2025 6:49:50,WTS,--,400,COMPONENTS,,New,--,"[Components] WTS: 400, 256GB SSD 2.5 SATA, 256GB SSD 2.5 SATA, NEW, 11.5 EUR"
5/7/2025 6:48:46,WTS,--,400,SERVER/STORAGE,,Used,--,"[Server/Storage] WTS: 400, SANDISK, SXPLFA 1.92TB SSD, USED, OFFER USD"
5/7/2025 6:45:33,WTS,LENOVO,180,COMPONENTS,,--,org,"[Components] WTS: 180, Lenovo 45W Slim, Orginal Adapter, A, 7 EUR"
5/7/2025 6:48:40,WTS,--,3000,COMPONENTS,,--,--,"[Components] WTS: 3000, MAJOR BRANDS, 8GB DDR4 SODIMM 3200Mhz, A+++, CHEAP EUR"
5/7/2025 6:47:12,WTS,--,2500,COMPONENTS,,New,--,"[Components] WTS: 2500, MAJOR BRANDS, 256GB NVME SSD , NEW, CHEAP EUR"
5/7/2025 6:43:02,WTS,HP,90,CONTROL,,--,--,"[PC] WTS: 90pcs, HP Elite Slice G2 Room control Mini pc + Touch, i5-7500T 8Gb SSD 128Gb NVME WIFI, A-B, offer EUR"
5/7/2025 6:46:05,WTS,LENOVO,168,COMPONENTS,,--,--,"[Components] WTS: 168, Lenovo 90W Slim, Original Adapter, A, 7,2 EUR"
5/7/2025 6:45:28,WTB,--,10,COMPONENTS,,--,company,"[Components] WTB: 10-20, Nvidia, RTX 6000, a grade, offers EUR"
5/7/2025 6:44:48,WTS,--,10,COMPONENTS,,--,company,"[Components] WTS: 10-20, Nvidia, RTX 6000, good, offers EUR"
5/7/2025 6:44:20,WTS,LENOVO,200,COMPONENTS,,--,--,"[Components] WTS: 200, Lenovo 135W Slim , Original Adapter, A, 9,60 EUR"
5/7/2025 6:43:07,WTS,--,73,COMPONENTS,,--,--,"[Components] WTS: 73, Hard Disks 2,5 3,5 SAS HDD, 72GB - 8000GB, OK, 9 EUR"
5/7/2025 6:43:25,WTS,--,118,MC32N0-RL3SCLE0A,,New,--,"[POS] WTS: 118, Zebra, MC32 MC32N0-RL3SCLE0A, AB, Offer EUR"
5/7/2025 6:42:30,WTS,APPLE,5,LAPTOP,,New,--,"[Laptop] WTS: 5, Apple, Apple MacBook Air 2025 M4 16GB 512GB SSD, New, 1234 EUR"
5/7/2025 6:40:26,WTS,LENOVO,75,LAPTOP,,Refurb,--,"[Laptop] WTS: 75, Lenovo, Thinkpad E480 I5 8TH 8GB 256GB, A REF, 109 EUR"
5/7/2025 6:39:01,WTS,HP,1200,PRINTER,,New,--,"[Printer] WTS: 1200, HP,  DeskJet 2820e All-in-One, NEW, ask EUR"
5/7/2025 6:34:29,WTS,--,50,LAPTOP,,New,--,"[Laptop] WTS: 50, Medion, Akoya E4254 INTELÂ® PENTIUMÂ® SILVER N5000, NEW, best offer EUR"
5/7/2025 6:33:15,WTS,APPLE,86,MOBILE,,--,--,"[Mobile] WTS: 86, Apple, iPhone 11, Mix, Offer EUR"
5/7/2025 6:33:06,WTS,DELL,24,LAPTOP,,--,--,"[Laptop] WTS: 24, Dell, 7310 i5-10th 16gb 256gb (touch/non-touch), A ref, 155 EUR"
5/7/2025 6:32:23,WTS,DELL,15,LAPTOP,,--,--,"[Laptop] WTS: 15, Dell, XPS 13"" I7-8TH 8GB 256GB, A/A-, 140 EUR"
5/7/2025 6:28:59,WTB,APPLE,100,MOBILE,,--,--,"[Mobile] WTB: 100, APPLE , SE2020, A, . EUR"
5/7/2025 6:27:17,WTS,HP ZBOOK,7,LAPTOP,,--,--,"[Laptop] WTS: 7, HP ZBook Firefly / 14G8 / 14G9 / 15 G8 /, / i7-11th / i7-12th /, Grade A, ASK/OFFER EUR"
5/7/2025 6:26:40,WTS,DELL,500,SERVER/STORAGE,,New,--,"[Server/Storage] WTS: 500, DELL, Ready Rail Kit PowerEdge R840 - 0N1D5C, new, offer EUR"
5/7/2025 6:26:15,WTS,DELL,2,MONITOR,,--,--,"[Monitor] WTS: 2, Dell 55 4K Interactive Touch Monitor - P5524QT, CH4GBP3, Grade A, ASK/OFFER EUR"
5/7/2025 6:26:21,WTB,LENOVO,300,LENOVO,,--,--,"[PC] WTB: 300-400, Lenovo, tiny 9,10 or 11 Gen, grade A, offer EUR"
5/7/2025 6:26:05,WTS,DELL,1,MONITOR,,--,--,"[Monitor] WTS: 1, Dell 65 4K Interactive Touch Monitor - P6524QT, 5C128P3, Grade A, ASK/OFFER EUR"
5/7/2025 6:25:50,WTS,DELL,1,MONITOR,,--,--,"[Monitor] WTS: 1, Dell 75 4K Interactive Touch Monitor - P7524QT, CLC38P3, Grade A, ASK/OFFER EUR"
5/7/2025 6:22:13,WTB,--,500,COMPONENTS,,--,--,"[Components] WTB: 500, N/A, Clover Leaf Leads - short, working, .5 GBP"
5/7/2025 6:21:26,WTS,LENOVO,14,LAPTOP,,--,--,"[Laptop] WTS: 14, Lenovo Thinkpad L14 Gen 1., i5 10th Gen - 16GB - 256GB SSD., A, OFFER GBP"
5/7/2025 6:13:38,WTS,HP,500,MONITOR,,New,--,"[Monitor] WTS: 500, HP, 7' AiO 27-cr0067n, i7-1355U 16GB (2x8GB), 512GB, NEW, ask EUR"
5/7/2025 6:20:15,WTS,HP,300,10500T,,--,--,"[PC] WTS: 300, HP 400g6 DM, i5-10500T, 16gb, 256gb, good, offer EUR"
5/7/2025 6:11:49,WTS,DELL,50,3070/5070,,--,--,"[PC] WTS: 50, DELL SFF 3070/5070/7070, i5-9500 8GB 256SSD, GOOD, 155 EUR"
5/7/2025 6:15:18,WTB,--,10,PRINTER,,--,--,"[Printer] WTB: 10+, Kyocera, 2554ci / 3554ci, 0-150k, offer EUR"
5/7/2025 6:18:00,WTB,DELL ---,20,LAPTOP,,Used,--,"[Laptop] WTB: 20, --- DELL ---, 15"" min i5-g10 256 or 512 / 16 , used, 1 EUR"
5/7/2025 6:16:56,WTS,APPLE,50,MOBILE,,Used,--,"[Mobile] WTS: 50, Apple,  iPhone 13 Pro Max â€“ 256GB, A/A+, Hot Deal  EUR"
5/7/2025 6:17:32,WTS,HP,124,LAPTOP,,Used,inc,"[Laptop] WTS: 124, HP, EliteBook 830 G7 13.3-inch i7-10610U  32/256 GB, used, ask EUR"
5/7/2025 6:17:25,WTS,DELL,150,MONITOR,,--,--,"[Monitor] WTS: 150, DELL, Ultrasharp U2717D, good, 75 EUR"
5/7/2025 6:12:38,WTS,HP,500,MONITOR,,New,--,"[Monitor] WTS: 500, HP, 4' AiO 23.8 FHD AG IPS i5-1334U 16GB, 512GB/, NEW, ask EUR"
5/7/2025 6:08:16,WTS,LENOVO,1000,COMPONENTS,,--,--,"[Components] WTS: 1000+Pcs, LENOVO KEYBOARD, T14 G1 US layout Original, A, ASK/OFFER EUR"
5/7/2025 6:08:15,WTS,HP,3,WORKSTATION,,New,--,"[PC] WTS: 3, HP, Workstation Z4 G4 1JP11AV, A-, OFFER EUR"
5/7/2025 6:06:11,WTB,--,1,PRINTER,,New,--,"[Printer] WTB: 1 UNIT, LEXMARK MS823 41X1109 - Upper redrive, LEXMARK MS823     41X1109 - Upper redrive, NEW, OFFER EUR"
5/7/2025 6:01:39,WTS,--,336,NETWORKING/TELECOM,,Used,--,"[Networking/Telecom] WTS: 336, EXTREME NETWORKS , SEE LIST IN COMMENTS , USED , 14000 GBP"
5/7/2025 6:02:21,WTS,HP,14,SERVER/STORAGE,,--,--,"[Server/Storage] WTS: 14, HP, 830824-B21 - HPE Smart Array P408i-p SR Controller, REF, OFFER GBP"
5/7/2025 6:00:03,WTS,LENOVO,20,LAPTOP,,--,--,"[Laptop] WTS: 20, Lenovo Thinkpad L15 Gen 1, i5 10th Gen - 16GB - 256GB SSD, A, OFFER GBP"
5/7/2025 5:59:06,WTS,--,5,SERVER/STORAGE,,--,--,"[Server/Storage] WTS: 5, Intel, SRGZJ Intel Xeon Gold 6242R 20-Core 3.1GHz, REF, OFFER GBP"
5/7/2025 5:59:06,WTS,DELL,18,LAPTOP,,--,--,"[Laptop] WTS: 18, Dell	Latitude 7410, i5 10th Gen - 16GB - 256GB SSD, Body B/ Screen A, OFFER GBP"
5/7/2025 5:57:38,WTS,HP,40,WINPRO,,--,--,"[PC] WTS: 40, HP 600 G5 Mini, i5 9500T 8GB 256GB WINPRO PSU, Grade A, ask EUR"
5/7/2025 5:57:04,WTS,--,5,SERVER/STORAGE,,--,--,"[Server/Storage] WTS: 5, CISCO , UCSS S3260 Storage Base Server Chassis UCSS-S3260, CISCO REFRESH F/S, OFFER EUR"
5/7/2025 5:54:57,WTS,HP,65,LAPTOP,,New,--,"[Laptop] WTS: any, hp, 65w centerpin, new, offer EUR"
5/7/2025 5:54:20,WTS,DELL,90,LAPTOP,,New,--,"[Laptop] WTS: any, dell, 90w centerpin, new, offer EUR"
5/7/2025 5:53:06,WTB,HP,1000,MONITOR,,--,--,"[Monitor] WTB: 1000, HP, E233 / E243, A, Offers EUR"
5/7/2025 5:49:38,WTB,--,100,COMPONENTS,,Refurb,--,"[Components] WTB: 100, Any Brand, Want to buy bulk quantities of Mining Cards 6900, brand new, refurb, CALL USD"
5/7/2025 5:51:38,WTS,APPLE,70,MOBILE,,--,--,"[Mobile] WTS: 70, Apple, Iphones, Broken/locked, 0 GBP"
5/7/2025 5:51:32,WTS,--,50,NETWORKING/TELECOM,,New,--,"[Networking/Telecom] WTS: 50, Meraki, MT20-HW, NEW, offer EUR"
5/7/2025 5:50:52,WTS,--,30,NETWORKING/TELECOM,,New,--,"[Networking/Telecom] WTS: 30, Meraki, MT10-HW, NEW, Offer EUR"
5/7/2025 5:33:06,WTS,--,100,COMPONENTS,,New,--,"[Components] WTS: 100, Kingston , KVR1333D3S8R9S/2G 2GB DDR3 PC3-10600R, NEW!, 8 USD"
5/7/2025 5:36:18,WTS,--,200,ZT41142-T0E0000Z,,New,--,"[POS] WTS: 200, Zebra, ZT41142-T0E0000Z Label Printer, New Boxed, Offer EUR"
5/7/2025 5:32:55,WTS,--,35,ELECTRONICS,,Used,--,"[Electronics] WTS: 35, OLYMPUS, LUCPlanFL N 20x/0.45 FN22 Microscope Objective, USED pulls, 700 EUR"
5/7/2025 5:33:43,WTS,APPLE,110,MOBILE,,New,--,"[Mobile] WTS: 110, Apple, iPhone 14, 128GB, Original devices, A+/A grade, 329 EUR"
5/7/2025 5:32:35,WTS,--,278,COMPONENTS,,New,--,"[Components] WTS: 278, L-Com, CAVISU3AMICB-03 & CAU3AB-03M usb3.0 Cables, NEW!, 3.5 EUR"
5/7/2025 5:32:23,WTS,--,45,SERVER/STORAGE,,--,--,"[Server/Storage] WTS: 45, EMC, 005052088 3TB SAS 3.5"" 6Gb Hard Drive, tested pulls, offer EUR"
5/7/2025 5:32:45,WTS,--,400,COMPONENTS,,New,--,"[Components] WTS: 400, Supermicro , RSC-R1U-E8R 1U PCI-Express x8 to PCI-Express Riser, NEW not in box, 2 EUR"
5/7/2025 5:31:54,WTS,LENOVO,33,LAPTOP,,--,--,"[Laptop] WTS: 33, Lenovo, Thinkpad A485 | Ryzen 3/5 8/16GB 256SSD FHD, AB mostly, 69 EUR"
5/7/2025 5:29:17,WTS,HP,50,SERVER/STORAGE,,Used,--,"[Server/Storage] WTS: 50, HP, DL380, used, 0 GBP"
5/7/2025 5:29:07,WTS,--,22,COMPONENTS,,Used,--,"[Components] WTS: 22, Geforce, GTX960, used, 0 GBP"
5/7/2025 5:28:52,WTS,DELL,65,LAPTOP,,--,--,"[Laptop] WTS: 65, Dell, Latitude E5570 E5530 E5550 | i3/i5 4-12GB 128/256, AB mostly, 45 EUR"
5/7/2025 5:28:47,WTS,--,10,COMPONENTS,,New,--,"[Components] WTS: 10, Cisco, Cisco UCS-HD600G10K12NN, New, 0 GBP"
5/7/2025 5:27:04,WTS,--,11,MOTOROLA,,--,--,"[POS] WTS: 11,000, Motorola ,  Motorola MC67NA, A/B/C, Offer EUR"
5/7/2025 5:26:14,WTS,HP ZBOOK,200,TABLET,,New,--,"[Tablet] WTS: 200, HP ZBook x360 Pen for x360 Studio G5, ,, Brand New, Ask EUR"
5/7/2025 5:26:07,WTS,DELL,29,LAPTOP,,--,--,"[Laptop] WTS: 29, Dell, Latitude E5570 | i5 4/8/16GB 128/256GB, AB mostly, 65 EUR"
5/7/2025 5:24:50,WTS,--,300,LAPTOP,,--,--,"[Laptop] WTS: 300, Microsoft Surface GO Models (1840), UK Keyboards, A, Ask EUR"
5/7/2025 5:24:31,WTS,--,246,LAPTOP,,--,--,"[Laptop] WTS: 246, Microsoft Surface Laptop 4, i5-11th Gen, 8GB, 256GB SSD, ,, Ask EUR"
5/7/2025 5:24:14,WTS,HP,114,LAPTOP,,--,--,"[Laptop] WTS: 114, HP LAPTOPS, PROBOOK 650 G5, 445 G7, 450 G7/G8...etc., SEE BELOW, ASK/OFFER EUR"
5/7/2025 5:23:54,WTS,APPLE,200,TABLET,,--,--,"[Tablet] WTS: 200, Apple iPad Pro 9.7"" 2016, 32GB, Cellular, A, Ask EUR"
5/7/2025 5:23:17,WTS,LENOVO,40,LAPTOP,,New,--,"[Laptop] WTS: 40, LENOVO, THINKPAD T14S GEN 1 , USED, OFFER EUR"
5/7/2025 5:13:22,WTS,LENOVO,500,COMPONENTS,,Used,--,"[Components] WTS: 500, Lenovo, 65w 90w 130w 180w yellow rectangle tip, Used, Offer EUR"
5/7/2025 5:20:04,WTS,DELL,34,LAPTOP,,--,--,"[Laptop] WTS: 34, WS laptops with RTX graphics, i7-9th 10th 11th, 32/64GB, 27xA, 5xA-, 2xB, 17500 EUR"
5/7/2025 5:19:17,WTS,LENOVO,200,LAPTOP,,Refurb,inc,"[Laptop] WTS: 200, Lenovo, ThinkPad L15 Gen 2 AMD R5 PRO 16GB 256GB 15.6"", Refurbished A, * USD"
5/7/2025 5:19:06,WTS,--,144,LAPTOP,,Used,--,"[Laptop] WTS: 144, ELITEBOOK , ELITEBOOK X360 1030 G5, USED, 140 USD"
5/7/2025 5:16:42,WTS,--,144,LAPTOP,,Used,--,"[Laptop] WTS: 144, ELITEBOOK , ELITEBOOK X360 1030 G4 , USED, 140 USD"
5/7/2025 5:12:41,WTS,DELL,500,COMPONENTS,,Used,--,"[Components] WTS: 500+, Dell, 65w fat tip 7.4mm charger , Used , Offer EUR"
5/7/2025 5:12:55,WTS,--,144,LAPTOP,,Used,--,"[Laptop] WTS: 144, ELITEBOOK , ELITEBOOK X360 1030 G3, USED, 140 USD"
5/7/2025 5:11:13,WTS,--,60,COMPONENTS,,Used,--,"[Components] WTS: 60, major brands, 320GB HDD 2.5, used tested, offer EUR"
5/7/2025 5:10:56,WTS,--,40,MEDICAL,,--,--,"[POS] WTS: 40+, All-in-One medical Advantech POC-W212,21.5â€³fhd, Multi-Touch,i7-4650U,8,128,WI-FI, 2 x LAN, Win10p,  A/A-, pls ask EUR"
5/7/2025 5:11:24,WTS,--,144,LAPTOP,,Used,--,"[Laptop] WTS: 144, ELITEBOOK , ELITEBOOK X360 1030 G2, USED, 140 USD"
5/7/2025 5:10:43,WTS,--,40,COMPONENTS,,Used,--,"[Components] WTS: 40, major brands, 500GB HDD 2.5 , used tested, offer EUR"
5/7/2025 5:10:33,WTS,--,100,MOTOROLA,,--,--,"[POS] WTS: 100+,  Motorola Symbol MC7094, GSM,1D,MS Windows Mobile 5.0, good , tested, 19 EUR"
5/7/2025 5:09:59,WTS,--,230,COMPONENTS,,Used,--,"[Components] WTS: 230, WD/Seagate, 500GB HDD 3.5, used tested, offer EUR"
5/7/2025 5:09:53,WTS,DELL,30,QUAD-CORE,,Used,--,"[PC] WTS: 30+, All-in-One DELL  Wyse 5470, 23.8â€³ FHD, J4150 Quad-Core  2.5GHz, 8GB DDR4, 128GB SSD, A, pls ask EUR"
5/7/2025 5:09:25,WTS,HP,40,CLIENT,,--,--,"[PC] WTS: 40+, Mini PC HP T630 Thin Client, quadcore AMDGX-420GI 2.00GHz,8GB DDR4,32GBSSD,W10p, A, cheap  EUR"
5/7/2025 5:07:11,WTB,DELL,300,LAPTOP,,--,--,"[Laptop] WTB: 300, Dell, 5400/7490, any, 0.00 GBP"
5/7/2025 5:07:44,WTS,DELL,120,LAPTOP,,--,--,"[Laptop] WTS: 120, Dell Latitude 5320, i5-11th. Gen, 16GB RAM, 256GB SSD, Grade A - Retail, Offer EUR"
5/7/2025 5:07:34,WTS,--,4,NETWORKING/TELECOM,,Refurb,--,"[Networking/Telecom] WTS: 4, Polycom, SoundStation IP 7000 no psu, A, Offer EUR"
5/7/2025 5:06:17,WTS,--,1,ELECTRONICS,,Refurb,--,"[Electronics] WTS: 1, Efore, SR 92A540 Power supply, Used, Offer EUR"
5/7/2025 5:07:15,WTS,--,2,NETWORKING/TELECOM,,Refurb,--,"[Networking/Telecom] WTS: 2, ELBOXRF, TetraAnt 5 23 10 RSLL 5GHz antenna., A, Offer EUR"
5/7/2025 5:06:53,WTS,--,3,ELECTRONICS,,Refurb,--,"[Electronics] WTS: 3, APC, Smart-UPS SC 620, Used, Offer EUR"
5/7/2025 5:06:34,WTS,--,1,ELECTRONICS,,Refurb,--,"[Electronics] WTS: 1, Eaton, 5E 850i, A, Offer EUR"
5/7/2025 4:57:42,WTS,APPLE,44,TABLET,,--,--,"[Tablet] WTS: 44, Apple, iPad Air 2 A1566 A1567 Cellular / Wi-Fi, AB, 39 EUR"
5/7/2025 4:58:34,WTS,HP,100,PRINTER,,Used,inc,"[Printer] WTS: 100, HP, Officejet 200 mobile printer, good working, 5000 EUR"
5/7/2025 4:58:42,WTS,DELL,885,MONITOR,,--,inc,"[Monitor] WTS: 885, Dell & HP Monitors, Per line, spreadsheets, Offers GBP"
5/7/2025 4:58:33,WTS,HP,500,COMPONENTS,,--,--,"[Components] WTS: 500, For HPE Dl380Â G10, 32GB DDR4 2666v , A, offer EUR"
5/7/2025 4:55:16,WTS,LENOVO,200,TABLET,,New,--,"[Tablet] WTS: 200, Lenovo , Tablet 10 Intel Celeron N4100 4Go/128Go, New in original box, Offer  EUR"
5/7/2025 4:51:35,WTB,--,5000,SERVER/STORAGE,,New,inc,"[Server/Storage] WTB: 5000, intel, Any model 240G-30.72T, New/Used, offer USD"
5/7/2025 4:51:28,WTB,--,5000,SERVER/STORAGE,,New,inc,"[Server/Storage] WTB: 5000, Samsung, Any model 240G-30.72T, New/Used, offer USD"
5/7/2025 4:51:19,WTS,--,1000,SERVER/STORAGE,,New,--,"[Server/Storage] WTS: 1000, samsung, MZQL2960HCJR-00BAL, new, call EUR"
5/7/2025 4:51:10,WTS,--,271,SERVER/STORAGE,,New,--,"[Server/Storage] WTS: 271pcs, samsung, MZ3LO7T6HBLT-00A07, new, call USD"
5/7/2025 4:51:01,WTB,--,1,SERVER/STORAGE,,Used,--,"[Server/Storage] WTB: 1-5K, SanDisk, SDLF1CRR-019T-1HAP/SDLF1CRR-019T-1HA1, Used, offer USD"
5/7/2025 4:50:56,WTS,HP,200,ELECTRONICS,,New,--,"[Electronics] WTS: +200, HP, Keyboard USB Slim Smartcard 911502-091 SWE/NO, New, Offer EUR"
5/7/2025 4:47:41,WTS,HP,25,LAPTOP,,--,inc,"[Laptop] WTS: 25, HP, Fury 15 G7 / i7-10850H / 32GB / 1TB / RTX 3000, B, 370 EUR"
5/7/2025 4:48:41,WTS,DELL,200,CLIENT,,--,--,"[PC] WTS: 200, Dell , Wyse 5070 Thin Client Celeron J4105 - 8Go/32Go, Grade A, Offer  EUR"
5/7/2025 4:47:29,WTS,APPLE,16,LAPTOP,,New,--,"[Laptop] WTS: 16, Apple, Apple MacBook Air 2025 M4 16GB 256GB SSD, New, 879 EUR"
5/7/2025 4:48:11,WTS,LENOVO,20,LAPTOP,,--,inc,"[Laptop] WTS: 20, Lenovo, T14 Gen1 / Ryzen 5 4650U / 32GB / 512GB, B, 230 EUR"
5/7/2025 4:48:00,WTS,HP,60,LAPTOP,,--,inc,"[Laptop] WTS: 60, HP, Proobook 445 G7 / Ryzen Pro 5 4500U / 8GB / 256GB, B, 170 EUR"
5/7/2025 4:47:59,WTS,LENOVO,500,COMPONENTS,,Used,inc,"[Components] WTS: +500, Lenovo, 40AJ / 40AF / 40A7 / 40AC docking station with PSU, Offer, Used EUR"
5/7/2025 4:47:54,WTS,DELL,30,LAPTOP,,--,--,"[Laptop] WTS: 30, DELL, Latitude 5440 i7-13gen-1365U 16GB 512SSD, A, 395 EUR"
5/7/2025 4:43:56,WTS,HP,40,LAPTOP,,--,inc,"[Laptop] WTS: 40, HP, 830 G8 i5-11th 8GB 256GB 13.3"" FHD, A/B, Good, ask EUR"
5/7/2025 4:43:46,WTS,HP,300,LAPTOP,,--,--,"[Laptop] WTS: 300, hp, EliteBook 830 i7-11th 8/16GB 512SSD, A B, offer EUR"
5/7/2025 4:39:00,WTS,--,14,SERVER/STORAGE,,--,--,"[Server/Storage] WTS: 14, Oracle , T8-2 SPARC M8 5.00Ghz 3U Rack-Mountable Servers, Excellent condition, Offer USD"
5/7/2025 4:41:46,WTS,DELL,20,LAPTOP,,--,--,"[Laptop] WTS: 20, Dell, Latitude 7520 / i7-11th gen / 16GB RAM / 256GB SSD, A-, Set Price EUR"
5/7/2025 4:40:32,WTB,--,100,FUJITSU,,--,company,"[PC] WTB: 100-1000, Fujitsu D738/D958 sff, any specs, good, offers EUR"
5/7/2025 4:38:40,WTS,HP,880,MONITOR,,New,--,"[Monitor] WTS: 880, hp v27ig5,  v27ig5  Pn 65p64aa Vga-dp-hdmi, new boxed, 65 EUR"
5/7/2025 4:39:39,WTB,HP,100,OFFERS,,--,company,"[PC] WTB: 100-1000, HP 600 g4/800 g4 sff, any specs, good, offers EUR"
5/7/2025 4:38:38,WTB,LENOVO,100,LENOVO,,--,company,"[PC] WTB: 100-1000, Lenovo M720s/m920s sff, any specs, good, offers EUR"
5/7/2025 4:37:18,WTS,--,5,CUSTOMER,,Refurb,--,"[POS] WTS: 5, VFD, Customer Display COM 2x20, Untested, Offer EUR"
5/7/2025 4:36:58,WTS,--,9,DATECS,,Refurb,--,"[POS] WTS: 9, Datecs, Customer Display RJ11 2x20, Untested, Offer EUR"
5/7/2025 4:36:42,WTS,--,31,ELECTRONICS,,Refurb,--,"[Electronics] WTS: 31, Major, ComPort Ribbon Cable Connector Bracket, A, Offer EUR"
5/7/2025 4:36:29,WTS,APPLE,123,MOBILE,,New,--,"[Mobile] WTS: Any, APPLE Products - Drop Shipping as well within UK, All in the List & CTOs, New, Ask GBP"
5/7/2025 4:35:55,WTS,--,1,NETWORKING/TELECOM,,Refurb,--,"[Networking/Telecom] WTS: 1, Polycom, 1565-07242-002 AMP Sub Woofer Speaker System, Used, Offer EUR"
5/7/2025 4:35:35,WTS,--,1,PRINTER,,Refurb,--,"[Printer] WTS: 1, Triumph Adler, 350ci, Working, Offer EUR"
5/7/2025 4:34:42,WTS,HP,230,DELL/LENOVO,,--,--,"[PC] WTS: 230, HP/DELL/Lenovo, i3/i5 4GB 256SSD, GOOD, OFFER EUR"
5/7/2025 4:31:28,WTB,DELL,50,FONT-FAMILY,,Used,--,"[PC] WTB: 50, DELL, T7920, USED, OFFER EUR"
5/7/2025 4:29:43,WTS,--,940,SERVER/STORAGE,,--,--,"[Server/Storage] WTS: 940, Hynix, Samsung & Micron, 64GB 3200AA, Grade A Pulls, 90 EUR"
5/7/2025 4:29:14,WTS,--,50,COMPONENTS,,--,--,"[Components] WTS: 50, Micron, MTA144ASQ16G72LSZ-2S9- 128GB 2S4RX4 PC4-2933Y-L, REF, Offer USD"
5/7/2025 4:29:01,WTB,HP,50,FONT-FAMILY,,Used,--,"[PC] WTB: 50, HP, Z8 G5/z6 g5/z4 g5, USED, OFFER EUR"
5/7/2025 4:27:48,WTS,--,75,COMPONENTS,,--,--,"[Components] WTS: 75, Samsung, M386A8K40CM2-CVFBY- SAMSUNG 64GB 4DRX4 2933Y, REF, Offer USD"
5/7/2025 4:26:46,WTS,DELL,70,W2125-32GB,,Refurb,--,"[PC] WTS: 70, DELL, T5820 Tower W2125-32gb-512gb nvme-Quadro P4000 8Gb, A+, HQ Refurbished, Ask,cheap EUR"
5/7/2025 4:25:57,WTS,--,182,COMPONENTS,,--,--,"[Components] WTS: 182, Hynix, HMAA8GR7MJR4N-WM -64GB 4DRX4 2933Y, REF, Offer USD"
5/7/2025 4:25:35,WTS,DELL,40,LAPTOP,,--,inc,"[Laptop] WTS: 40, Dell Latitude 7410, i7-10610U-RAM 16GB-SSD 256GB-FHD-PSU, A/A-, CHEAP EUR"
5/7/2025 4:23:31,WTS,--,100,COMPONENTS,,--,--,"[Components] WTS: 100, Samsung, M393A4K40BB3-CVFGY- 32GB 2RX4 2933Y-R, REF, Offer USD"
5/7/2025 4:19:37,WTS,--,9,LAPTOP,,--,--,"[Laptop] WTS: 9, Microsoft Surface Pro X SQ2, / 16 GB RAM / 256 GB SSD /, Grade: A, ASK/OFFER EUR"
5/7/2025 4:19:12,WTS,--,100,COMPONENTS,,New,--,"[Components] WTS: 100, major brands, 8GB DDR5 Sodimm , pulled/new, offer EUR"
5/7/2025 4:17:59,WTS,--,160,COMPONENTS,,--,--,"[Components] WTS: 160, Samsung, M393A4K40DB2-CVFBY-SAMSUNG 32GB 2RX4 2933Y-R, REF, Offer USD"
5/7/2025 4:17:09,WTS,DELL,50,LAPTOP,,--,--,"[Laptop] WTS: 50, Dell , Optiplex 3000 Thin Client, A, make offer EUR"
5/7/2025 4:07:55,WTS,--,1,NETWORKING/TELECOM,,--,--,"[Networking/Telecom] WTS: 1, Raritan, Dominion DKX3-116 16-Port KVM-over-IP Switch, A, make offer EUR"
5/7/2025 4:10:49,WTS,HP,150,LAPTOP,,--,--,"[Laptop] WTS: 150, HP, Elitebook 840 G6 Core i5-8 /8-256 Ssd, B, OFFER EUR"
5/7/2025 3:57:22,WTS,DELL,185,MONITOR,,--,--,"[Monitor] WTS: 185, Dell, TFT P2319, P2417 & P2317 With stand, A-, 29 EUR"
5/7/2025 4:12:35,WTS,--,100,NETWORKING/TELECOM,,New,--,"[Networking/Telecom] WTS: 100, Mellanox Nvidia, BlueField-2 BF2H532C Dual-Port SFP56  NEW, A, make offer EUR"
5/7/2025 4:04:43,WTS,HP,38,LAPTOP,,--,--,"[Laptop] WTS: 38, HP DELL Lenovo WS laptops with RTX graphics, i7-9th 10th 11th, 32/64GB, 30xA, 6xA-, 2xB, 19500 EUR"
5/7/2025 4:10:59,WTS,HP,20,SERVER/STORAGE,,--,--,"[Server/Storage] WTS: 20, HP, QLE2692 SN1100Q Dual-Port 16Gb FC 853011-001, A, Offer EUR"
5/7/2025 4:10:40,WTS,DELL,50,LAPTOP,,--,--,"[Laptop] WTS: 50+, DELL, E7250/E7270, A GRADE, 62 EUR"
5/7/2025 4:08:12,WTS,HP,45,LAPTOP,,New,--,"[Laptop] WTS: 45, HP EliteBook 840 G5-G6 FHD-IPS, i5/8/256SSD/cam, A/B, ask EUR"
5/7/2025 4:09:44,WTS,--,200,COMPONENTS,,--,--,"[Components] WTS: 200+, MAJOR, DVDRW SATA 2.5"", A GRADE, TESTED, 3.5 EUR"
5/7/2025 4:08:31,WTS,--,30,LAPTOP,,New,--,"[Laptop] WTS: 30+, Panasonic rugged tablet FZ-M1,  7â€³,i5 4302Y,4,256GB SSD,scanner 2D,Win8.1,new psu, full tested , offers EUR"
5/7/2025 4:09:36,WTB,LENOVO,22,LENOVO,,New,--,"[PC] WTB: 22, Lenovo , HP All-in-One 24-cr0001l Ci7-1355U / 16GB / 1TB-SS, Brand new , 0.00 USD"
5/7/2025 4:08:12,WTS,--,15,MONITOR,,--,--,"[Monitor] WTS: 15, SAMSUNG/NEC, 32""-40"", A/A- GRADE, 29 EUR"
5/7/2025 4:08:05,WTS,--,60,TOUCHSCREEN,,New,--,"[POS] WTS: 60+, AIO 17"" touchscreen, POS 17â€³ Touchscreen, i5 3320m,8GB,128GB SSD, new in box , pls ask EUR"
5/7/2025 4:06:57,WTS,--,500,BIXOLON,,New,--,"[POS] WTS: 500+, Bixolon, SRP-770III label printers usb, new sealed box , cheap EUR"
5/7/2025 4:07:53,WTS,LENOVO,160,MONITOR,,--,--,"[Monitor] WTS: 160, LENOVO, 22""-24"", A GRADE, 21 EUR"
5/7/2025 4:07:39,WTS,--,200,THERMAL,,New,--,"[POS] WTS: 200+, EPSON thermal printer, TM-m30II,USB,Bluetooth,Ethernet,black, new sealed box, pls ask EUR"
5/7/2025 4:07:31,WTS,DELL,95,LAPTOP,,--,--,"[Laptop] WTS: 95, Dell Latitude 5590, Intel Core i5 8GB 256GB SSD COA FHD, A/A-, offer EUR"
5/7/2025 4:07:20,WTS,LENOVO,20,LENOVO,,New,--,"[PC] WTS: 20+, Lenovo ThinkStation P350, i7-11700K,32gb,2x256 GB SSD M.2 RAID,Win10p,T1000, new sealed box, ask EUR"
5/7/2025 4:04:57,WTS,DELL,200,LAPTOP,,New,inc,"[Laptop] WTS: 200, Dell, 5420 i5-1135G7, Grade A, Call GBP"
5/7/2025 4:03:52,WTS,HP,30,LAPTOP,,New,--,"[Laptop] WTS: 30, HP PROBOOK 450 g5-g6 15,6"" FHD-IPS, I5-8GEN/8/256ssd/CAM, A-/B, ask EUR"
5/7/2025 4:03:00,WTS,DELL,87,LAPTOP,,--,inc,"[Laptop] WTS: 87, dell 5430-5420- Touchscreen- 16/32 gb- 256 ssd , dell 5430-5420 -i5 -11-12 gen , Aa-, 205 EUR"
5/7/2025 4:02:54,WTB,APPLE MACBOOK,5,LAPTOP,,Used,--,"[Laptop] WTB: 5-100, Apple Macbook Air/Pro, A2337/A2338/A2681/A2442/A2485, Used Good, Offer EUR"
5/7/2025 4:00:55,WTS,--,430,SYMBOL,,Used,--,"[POS] WTS: 430, Symbol, BTRY-TC7X-46MAH-01 - Batteries for TC7X series , Used, Offers EUR"
5/7/2025 4:00:04,WTS,--,100,NETWORKING/TELECOM,,--,--,"[Networking/Telecom] WTS: 100, Meraki, MR26-HW, ref, offer EUR"
5/7/2025 4:00:03,WTS,DELL,200,LAPTOP,,Refurb,llc,"[Laptop] WTS: 200, DELL LATITUDE,  7320 i5 11th Gen Fiber Body 16gb 256ssd FHD , A+, 180 EUR"
5/7/2025 3:57:16,WTB,HP,200,LAPTOP,,--,--,"[Laptop] WTB: 200+, HP, Elitebook X360 G2-G3-G4-G5-G6, Grade A/A+, Best Price EUR"
5/7/2025 3:52:31,WTS,DELL,100,LAPTOP,,--,--,"[Laptop] WTS: 100, Dell, Wyse 5070 Thin Client Intel J4105, A, make offer EUR"
5/7/2025 3:48:21,WTS,APPLE,50,LAPTOP,,--,inc,"[Laptop] WTS: 50, Apple, MacBook Pro 16-inch M3 Pro, BOXED , 1200 GBP"
5/7/2025 3:48:28,WTS,HP,82,PRODESK,,--,--,"[PC] WTS: 82, HP, ProDesk 600 G2 DM |4/8GB | i3/5-6. Gen., A/B, Ask for  EUR"
5/7/2025 3:48:06,WTS,APPLE,31,LAPTOP,,New,inc,"[Laptop] WTS: 31, Apple, Apple MacBook Pro 16-inch M1 Pro, NEW, 840 GBP"
5/7/2025 3:45:37,WTB,DELL,5,LAPTOP,,--,--,"[Laptop] WTB: 5, DELL, Latitude 7320 i5 16GB, B - A, offer GBP"
5/7/2025 3:42:55,WTB,DELL-,10,DELL-HP,,--,--,"[PC] WTB: 10, DELL-HP-LENOVO, desktop, A, OFFER EUR"
5/7/2025 3:40:36,WTB,--,2,NETWORKING/TELECOM,,Refurb,--,"[Networking/Telecom] WTB: 2 , Fortinet, Fortigate 400F, Refurb, Â£ GBP"
5/7/2025 3:40:07,WTB,DELL,100,OFFERS,,--,--,"[PC] WTB: 100+, Dell, 3080 SFF i5 , good, offers EUR"
5/7/2025 3:37:24,WTS,--,170,MOBILE,,--,--,"[Mobile] WTS: 170, NOKIA, NOKIA 7.2 4GB/64GB Android, A/B, 35 EUR"
5/7/2025 3:37:08,WTS,LENOVO,2,SERVER/STORAGE,,--,inc,"[Server/Storage] WTS: 2, Lenovo, Lenovo SR650 Xeon Platinum 8268  1,5TB Ram, A, offer EUR"
5/7/2025 3:32:43,WTB,HP,80,SERVER/STORAGE,,Used,--,"[Server/Storage] WTB: 80, HPE, 40cm NVMe Cable SFF-8654 8i 870531-001 879840-001, used, offers EUR"
5/7/2025 3:31:50,WTB,HP,500,LAPTOP,,--,llc,"[Laptop] WTB: 500, hp, 840 G3 G4, any, good  USD"
5/7/2025 3:29:49,WTS,LENOVO,50,LAPTOP,,Refurb,--,"[Laptop] WTS: 50+, Lenovo, WTS P15V i7-10th, Refurb, Offers EUR"
5/7/2025 3:26:50,WTS,--,30,NETWORKING/TELECOM,,--,--,"[Networking/Telecom] WTS: 30, D-Link, DGS-3620-28PC 24Ports PoE 4Ports SFP 10Gbits, A, Offer EUR"
5/7/2025 3:26:38,WTS,DELL,1,SERVER/STORAGE,,--,--,"[Server/Storage] WTS: 1, Dell , Poweredge VRTX , A, make offer EUR"
5/7/2025 3:26:07,WTS,--,18,SERVER/STORAGE,,--,--,"[Server/Storage] WTS: 18, Gigabyte, G242 epyc 7502 4*2080ti watercooled 32gb*8 2*1600w, A, Offer EUR"
5/7/2025 3:23:45,WTS,HP,139,COMPONENTS,,New,--,"[Components] WTS: 139, HPE, 809083-EF1 / P30648-001 32GB/64GB Dimms, New, 0.00 USD"
5/7/2025 3:23:13,WTS,--,6,NETWORKING/TELECOM,,--,--,"[Networking/Telecom] WTS: 6, Brocade, VDX 6740T-1G Switch, A, Offer EUR"
5/7/2025 3:21:45,WTS,LENOVO,100,LENOVO,,--,--,"[PC] WTS: 100+, LENOVO, m625q / m70q /m700, A, ask EUR"
5/7/2025 3:20:22,WTS,HP,600,SERVER/STORAGE,,New,--,"[Server/Storage] WTS: 600+, HPE, Mixed HPE system boards (G7/G8/G9), New, 0.00 USD"
5/7/2025 3:18:34,WTS,APPLE MACBOOK,50,LAPTOP,,New,--,"[Laptop] WTS: 50, Apple Macbook Pro A2442, M1 Pro / 32GB / 512GB SSD  , NEW, offer EUR"
5/7/2025 3:18:11,WTS,--,1000,MOBILE,,--,--,"[Mobile] WTS: +1000, Samsung , Galaxy A525, A/B, 70 EUR"
5/7/2025 3:16:13,WTB,DELL,30,LAPTOP,,--,--,"[Laptop] WTB: 30, Dell, Latitude 5430/5530 or above, Original GER Keyboard, A, Offer EUR"
5/7/2025 3:14:50,WTS,--,104,SYMBOL,,Used,--,"[POS] WTS: 104, Symbol, CRD4001-4000ER, Good used, Offers EUR"
5/7/2025 3:15:23,WTS,LENOVO,25,LAPTOP,,--,--,"[Laptop] WTS: 25, Lenovo , P50/P51/P52 , A/B , ask  EUR"
5/7/2025 3:12:00,WTS,DELL,50,SERVER/STORAGE,,--,--,"[Server/Storage] WTS: 50, DELL SSDS, 960GB SATA 2.5 SSD , Grade B (health), EMAIL  GBP"
5/7/2025 3:13:58,WTS,HP,51,COMPONENTS,,--,--,"[Components] WTS: 51, HP 3Par, 778179 480GB 2.5"" SAS SSD , Tested Pulls, Offer GBP"
5/7/2025 3:14:35,WTS,LENOVO,108,SERVER/STORAGE,,--,--,"[Server/Storage] WTS: 108, LENOVO, HUH721212ALE600 - LENOVO 01GV061 - 12TB SATA , REF, Offer USD"
5/7/2025 3:13:34,WTS,DELL,100,FONT-FAMILY,,--,--,"[PC] WTS: 100+, Dell Tiny, 3070 / 3060 / 5060 / 5000 / 7070, A, ask EUR"
5/7/2025 3:11:30,WTS,--,22,INTERMEC,,Used,--,"[POS] WTS: 22, Intermec, CN50AQU1EN00, Used, Offers EUR"
5/7/2025 3:08:18,WTB,--,4,COMPONENTS,,New,--,"[Components] WTB: 4 , NVIDIA RTX A5500, 24GB, REF / NEW , BEST  EUR"
5/7/2025 3:08:40,WTS,--,77,SYMBOL,,Used,--,"[POS] WTS: 77, Symbol, DS9808-SR00007NNWR, clean used, Offers EUR"
5/7/2025 3:08:23,WTS,--,1640,COMPONENTS,,Used,--,"[Components] WTS: 1640 pcs, Various , Server RAMs, used, offer EUR"
5/7/2025 3:08:00,WTS,HP,3000,SERVER/STORAGE,,New,--,"[Server/Storage] WTS: 3000+, HPE, Mixed HPE Power Supply units / PSU parts, New, 2.00 USD"
5/7/2025 3:06:08,WTS,DELL,21,SERVER/STORAGE,,--,--,"[Server/Storage] WTS: 21, Dell PowerEdge, R430 - v3 CPU, 16GB, REF, Contact EUR"
5/7/2025 3:06:14,WTS,HP,781,SERVER/STORAGE,,--,--,"[Server/Storage] WTS: 781, Mixed Lot, 781x M.2 Interfacecards, Grade A, Offer EUR"
5/7/2025 3:05:40,WTS,HP,3175,SERVER/STORAGE,,--,--,"[Server/Storage] WTS: 3175, Mixed Lot, 3175x SATA/SSD Hot Swap drives, Grade A, Offer EUR"
5/7/2025 3:04:35,WTB,--,80,TABLET,,--,--,"[Tablet] WTB: 80, Samsung, Galaxy Tab A 10.1 (2019) SM-T510, A or B, 40 EUR"
5/7/2025 3:05:27,WTS,--,130,MOTOROLA/ZEBRA,,Used,--,"[POS] WTS: 130, Motorola/Zebra, WT41N0-T2H27ER, Good used, Offers GBP"
5/7/2025 3:03:42,WTS,HP,3296,COMPONENTS,,--,--,"[Components] WTS: 3296, Nvidia, 3296x Hi-End nVidia card, Grade A, Offer EUR"
5/7/2025 3:03:00,WTS,HP,4858,COMPONENTS,,--,--,"[Components] WTS: 4858, Mixed Lot, 4858x Power Supplies (Server/Workstation/PC/Switch, Grade A, Offer EUR"
5/7/2025 3:00:41,WTS,--,3,NUC6I7KYK,,New,--,"[PC] WTS: 3, INTEL, NUC6i7KYK / 6i7KYK, USED, OFFER EUR"
5/7/2025 3:00:06,WTS,LENOVO,10,LAPTOP,,--,--,"[Laptop] WTS: 10, Lenovo ThinkBook 16P G3, AMD Ryzen 9 6900HX 32GB 1TB SSD 2K RTX 3060 6GB, A+, Offer EUR"
5/7/2025 2:56:51,WTS,APPLE,112,LAPTOP,,--,--,"[Laptop] WTS: 112, APPLE, MACBOOK PRO 2019, B/C, offer EUR"
5/7/2025 2:59:13,WTS,--,77,SERVER/STORAGE,,--,--,"[Server/Storage] WTS: 77, SEAGATE, ST8000NM0016 - SEAGATE 8TB SATA 6GB , REF, Offer USD"
5/7/2025 2:55:46,WTS,DELL,120,FONT-FAMILY,,--,--,"[PC] WTS: 120, DELL, WYSE 5040 AIO / 5470 AIO, C, 0 EUR"
5/7/2025 2:58:55,WTS,LENOVO,20,LAPTOP,,--,--,"[Laptop] WTS: 20, Lenovo X13 YOGA G1, I5-10210U 16GB 512GB SSD FHD TOUCH , A, 195 EUR"
5/7/2025 2:58:55,WTS,LENOVO,20,LAPTOP,,--,--,"[Laptop] WTS: 20, Lenovo X13 YOGA G1, I5-10210U 16GB 512GB SSD FHD TOUCH , A, 195 EUR"
5/7/2025 2:57:46,WTS,--,10,FUJITSU,,New,--,"[PC] WTS: 10, FUJITSU, ESPRIMO E720 / S26361-Kxxx-Vyyy, USED, OFFER  EUR"
5/7/2025 2:58:37,WTS,DELL,2,LAPTOP,,Refurb,--,"[Laptop] WTS: 2, Dell, Dell Precision 5480 i7-13800H 32GB SSD, Factory Refurbished, 698 EUR"
5/7/2025 2:55:54,WTS,--,300,COMPONENTS,,New,--,"[Components] WTS: 300, AlienTech, 512Gb M.2 SATA 2280, New, Good Price EUR"
5/7/2025 2:54:56,WTS,--,1200,COMPONENTS,,New,--,"[Components] WTS: 1200, HUAWEI, Y5P SCREEN + BATTERY ORIGINAL PARTS, NEW, 3.5 EUR"
5/7/2025 2:53:20,WTB,--,66,COMPONENTS,,--,--,"[Components] WTB: 66, Nvidia, rtx a2000, a, 0 EUR"
5/7/2025 2:48:17,WTS,LENOVO,10,LAPTOP,,New,--,"[Laptop] WTS: 10, LENOVO, THINKPAD L480 / 20LT-S7V, USED, OFFER EUR"
5/7/2025 2:52:38,WTS,--,95,TABLET,,--,--,"[Tablet] WTS: 95, Nokia, T20, Grade A/B, 51 EUR"
5/7/2025 2:53:39,WTS,--,67,SERVER/STORAGE,,--,--,"[Server/Storage] WTS: 67, SEAGATE, ST10000NM0126 - SEAGATE 10TB SATA 6GB , REF, Offer USD"
5/7/2025 2:36:52,WTS,--,500,COMPONENTS,,Used,--,"[Components] WTS: 500, EU C13 POWER CABLE, EU C13 POWER CABLE, USED, 1.2 EUR"
5/7/2025 2:44:59,WTS,LENOVO,20,LAPTOP,,New,--,"[Laptop] WTS: 20, Lenovo, THINKPAD L14 GEN 2 / 20X2-S14, used, offer EUR"
5/7/2025 2:48:46,WTS,--,370,MOBILE,,New,--,"[Mobile] WTS: 370 pcs, Samsung, S23ultra S918 Screen Assembly  GH82-33783A, new, 1 EUR"
5/7/2025 2:50:29,WTB,--,50,LAPTOP,,--,--,"[Laptop] WTB: 50+, Getac, S410 G3, Grade A, offer EUR"
5/7/2025 2:49:13,WTS,--,153,TABLET,,--,--,"[Tablet] WTS: 153, Samsung, Galaxy Tab A7 SM-T505, Grade A/B, 74 EUR EUR"
5/7/2025 2:48:41,WTS,--,322,SERVER/STORAGE,,New,--,"[Server/Storage] WTS: 322, WD, HSH721414ALE6M4 - 0F29901 - 14TB SATA 6GB , NEW, Offer USD"
5/7/2025 2:48:14,WTS,--,225,TABLET,,--,--,"[Tablet] WTS: 225, Samsung, Galaxy Tab A 10.5"" SM-T595 32GB, Grade A/B, 57 EUR EUR"
5/7/2025 2:47:57,WTS,--,111,SERVER/STORAGE,,New,--,"[Server/Storage] WTS: 111, WD, HSH721415AL42M0 - 0F34650 - 15TB SAS 12GB , NEW, Offer USD"
5/7/2025 2:46:41,WTS,--,220,MOBILE,,--,--,"[Mobile] WTS: 220, Samsung, Galaxy A52 SM-A525F 4G 128GB, Grade A/B, 73 EUR"
5/7/2025 2:46:31,WTS,--,1000,COMPONENTS,,New,--,"[Components] WTS: 1000+, Generic, MC Clover C5 UK Cable , NEW, Offer GBP"
5/7/2025 2:45:25,WTS,--,60,MOBILE,,--,--,"[Mobile] WTS: 60, Samsung Mix Batch , S21, S22, A32 + others, Grade A/B, 4700 EUR"
5/7/2025 2:44:45,WTS,--,429,SERVER/STORAGE,,New,--,"[Server/Storage] WTS: 429, seagate white label , ST1800MM0129 , new, Message  EUR"
5/7/2025 2:43:07,WTS,--,76,SERVER/STORAGE,,--,--,"[Server/Storage] WTS: 76, Seagate , ST24000NM000H , A, Message  EUR"
5/7/2025 2:36:14,WTS,DELL,200,LAPTOP,,Used,--,"[Laptop] WTS: 200+, Dell, XPS 13 9310 i5-11GEN 16GB SSD 4K TOUCH BLK W11, USED, ASK EUR"
5/7/2025 2:42:36,WTS,HP,9,PROONE,,--,inc,"[PC] WTS: 9, HP, ProOne 440 G9 23.8"" | 16GB 512NVMe | i5-12 Gen., A, Ask for  EUR"
5/7/2025 2:39:09,WTS,LENOVO,104,MONITOR,,--,--,"[Monitor] WTS: 104, Lenovo, ThinkVision T24i-20 23.8"" IPS Monitor , A, ask Price EUR"
5/7/2025 2:42:02,WTS,LENOVO,100,LAPTOP,,--,--,"[Laptop] WTS: 100, Lenovo ThinkPad T14 G1, i5-10Gen / 8GB / 256GB SSD / FHD , A / A-, offer EUR"
5/7/2025 2:41:27,WTB,LENOVO,200,LAPTOP,,New,--,"[Laptop] WTB: 200, Lenovo, T14s i5/16gb/256gb/LTE  or better, A/B mix, offer EUR"
5/7/2025 2:40:14,WTS,LENOVO,1000,COMPONENTS,,Refurb,--,"[Components] WTS: 1000, LENOVO, WTS Original Lenovo ACDC x 1000, Refurb, Offers EUR"
5/7/2025 2:41:19,WTS,DELL,100,LAPTOP,,--,--,"[Laptop] WTS: 100, Dell Latitude 5420 , i5-11Gen / 8GB / 256GB SSD / FHD , B, offer EUR"
5/7/2025 2:38:36,WTS,HP,50,COMPONENTS,,Used,inc,"[Components] WTS: 50+, HP, USB-C Dock G5 incl. AC, Good used, Ask/Offer EUR"
5/7/2025 2:38:17,WTS,DELL,25,ELECTRONICS,,--,--,"[Electronics] WTS: 25+, Dell, WD19TB with 130W PSU, A/B, Offer/Ask EUR"
5/7/2025 2:38:07,WTS,DELL,25,COMPONENTS,,--,--,"[Components] WTS: 25+, Dell, TB16 ThunderBolt3 Dockingstation with 130W PSU, A/B, Cheap!Ask EUR"
5/7/2025 2:35:45,WTS,LENOVO,71,LENOVO,,New,inc,"[PC] WTS: 71, Lenovo , ThincSmart Hub 500 AiO i5 8GB SSD 11,6"" TOUCH Wi10, Brand New, ASK EUR"
5/7/2025 2:38:26,WTB,HP,50,ELITEDESK,,--,--,"[PC] WTB: 50+, HP, EliteDesk 800 G5 mini | i5-9 | 8GB | 256GB, A, Offer EUR"
5/7/2025 2:36:36,WTS,DELL,200,LAPTOP,,Used,--,"[Laptop] WTS: 200+, Dell, Latitude 7420 i5-11GEN 16GB SSD FHD Touch BLK W11P, USED, ASK EUR"
5/7/2025 2:36:23,WTS,LENOVO,100,LAPTOP,,Used,--,"[Laptop] WTS: 100+, Lenovo, ThinkPad P1 GEN4 i7 32GB 512SSD T1200 2K BLK W11Pr, USED, ASK EUR"
5/7/2025 2:37:20,WTS,HP,300,FONT-FAMILY,,--,--,"[PC] WTS: 300, HP, 800 G4 i5-8500T 16GB no SSD, A, 115 EUR"
5/7/2025 2:36:03,WTS,--,100,COMPONENTS,,Used,--,"[Components] WTS: 100, GETAC, Original Keyboard (US) for GETAC Rugged K120 (A)ðŸŒž, USED, ASK EUR"
5/7/2025 2:35:54,WTS,HP,100,SEALED,,New,--,"[PC] WTS: 100's, HP, WTS HP T530 - New Boxed Sealed, NEW, Offers EUR"
5/7/2025 2:35:47,WTS,--,40,NETWORKING/TELECOM,,Used,--,"[Networking/Telecom] WTS: 40, Fortinet, Fortigate 50E, tested , . EUR"
5/7/2025 2:35:29,WTS,APPLE,60,MOBILE,,--,--,"[Mobile] WTS: 60, Apple, iPhone 15 128Gb Mixed colors , A, Ask EUR"
5/7/2025 2:35:19,WTS,HP,165,MINIPC,,--,--,"[PC] WTS: 165, HP, HP 800G2 MiniPC i5-6th, 8Gb Ram,SSD 240Gb, A GRADE, 59 EUR"
5/7/2025 2:35:03,WTS,LENOVO,100,LENOVO,,--,--,"[PC] WTS: 100+, LENOVO, LENOVO M900 SFF i5-6th, 8Gb, SSD 240, A GRADE, 58 EUR"
5/7/2025 2:34:07,WTS,HP,39,LAPTOP,,New,--,"[Laptop] WTS: 39, HP, 640 G10 Core i7-1365U 32Gb 512Gb 11 Pro New 3Y, New, Ask EUR"
5/7/2025 2:30:30,WTS,--,9,SERVER/STORAGE,,--,inc,"[Server/Storage] WTS: 9, Fujitsu Enternus, CS DX6000 S3 - 2 x CA05967-1610, REF, Contact EUR"
5/7/2025 2:30:43,WTB,APPLE,10,COMPONENTS,,--,--,"[Components] WTB: 10, Intel , i5- 6 gen or i7-6 gen, ref, offer EUR"
5/7/2025 2:27:55,WTB,--,14,SERVER/STORAGE,,--,--,"[Server/Storage] WTB: 14, Eaton, UPS  9PXSE1100  / BLADEUPS ZC1212200100000, A, offer EUR"
5/7/2025 2:10:36,WTS,--,1080,COMPONENTS,,New,--,"[Components] WTS: 1080, major, HDMI, DVI, USB 2.0/3.0, DVI, audio standard cable, 90% new, best offer EUR"
5/7/2025 2:26:03,WTS,LENOVO,100,LENOVO,,--,--,"[PC] WTS: 100+, LENOVO, LENOVO M700/M710q TINY i5-6th, 8Gb, SSD 240, A GRADE, 59 EUR"
5/7/2025 2:25:22,WTS,DELL,50,FONT-FAMILY,,--,--,"[PC] WTS: 50+, DELL, 3040 SFF i5-6th, 8gb, SSD 240GB, A GRADE, 58 EUR"
5/7/2025 2:25:03,WTS,DELL,50,FONT-FAMILY,,--,--,"[PC] WTS: 50+, DELL, DELL 790, i5-2400, 8Gb, SSD 120, DVD, A GRADE, 19.9 EUR"
5/7/2025 2:23:49,WTB,LENOVO,200,LAPTOP,,Used,--,"[Laptop] WTB: 200+, Lenovo ThinkPad USB-C Dock Gen 2, 40AS, USED, TBD EUR"
5/7/2025 2:22:30,WTS,--,25,COMPONENTS,,--,--,"[Components] WTS: 25, SEAGATE, HDD 3.5"" 12TB ST12000NM0127, tested, ASK EUR"
5/7/2025 2:22:19,WTS,--,1000,COMPONENTS,,--,--,"[Components] WTS: 1000, WD, HDD 500GB 2.5"" SATA WD5000LUCX, TESTED, OFFER EUR"
5/7/2025 2:22:11,WTS,--,100,SERVER/STORAGE,,--,--,"[Server/Storage] WTS: 100, ASUSTOR, NAS AS5202T WITH AC , OK, ASK EUR"
5/7/2025 2:22:06,WTB,APPLE,100,MOBILE,,--,--,"[Mobile] WTB: 100+, Apple/Samsung/Other, iPhone etc, C/D/E, Offer EUR"
5/7/2025 2:21:45,WTS,LENOVO,38,LENOVO,,--,--,"[PC] WTS: 38, Lenovo, Thinkcentre M700 M710T M710S M710Q M800, A, 49 EUR"
5/7/2025 2:20:02,WTS,HP,95,LAPTOP,,--,--,"[Laptop] WTS: 95, HP, 440 G7 i5-10210U 8GB 256GB, A, 180 EUR"
5/7/2025 2:17:40,WTS,DELL,13,SERVER/STORAGE,,--,--,"[Server/Storage] WTS: 13, Dell, R730 - 2 x E5-2690 v3, 16GB, H730, REF, Contact EUR"
5/7/2025 2:18:11,WTS,--,399,NETWORKING/TELECOM,,--,--,"[Networking/Telecom] WTS: 399, Intel, Intel Xeon W-2125-SR3LM Grade A, REF, Offer USD"
5/7/2025 2:17:46,WTS,HP,57,LAPTOP,,New,--,"[Laptop] WTS: 57, HP Elitebook 840 G7, Core i5 10210U, 8GB, 256GB SSD, 14"" FHD, WC, W10Pr, NEW - orig packaging, 339 EUR"
5/7/2025 2:17:30,WTS,LENOVO,264,COMPONENTS,,Used,--,"[Components] WTS: 264, Lenovo, docking station, 40AH, 40AJ, 40A2, 40A1, 4337, Grad: A, best offer EUR"
5/7/2025 2:17:04,WTS,DELL,30,LAPTOP,,--,--,"[Laptop] WTS: 30, Dell Latitude 3410, i3-10110u 8Gb 256Ssd, B, OFFER EUR"
5/7/2025 2:15:10,WTS,--,152,NETWORKING/TELECOM,,--,--,"[Networking/Telecom] WTS: 152, Intel, Intel Xeon E5-2600V3 Series Grade A, REF, Offer USD"
5/7/2025 2:15:04,WTS,LENOVO,80,LAPTOP,,Used,inc,"[Laptop] WTS: 80, Lenovo, T470, T480, Yoga 370, Yoga X380, X280, Win10, Grad: A/B, best offer EUR"
5/7/2025 2:11:43,WTS,--,500,SERVER/STORAGE,,New,--,"[Server/Storage] WTS: 500, SAMSUNG, MZQL2960HCJR-00BAL, NEW, CALL USD"
5/7/2025 2:07:59,WTB,--,1,SOFTWARE,,New,inc,"[Software] WTB: 1, Microsoft Standard 2025 64Bit English 1pk DSP OEI , EP2-25205, New, Offer EUR"
5/7/2025 2:09:05,WTS,LENOVO,112,MONITOR,,--,--,"[Monitor] WTS: 112, Lenovo, LT2452PW, A/A-, 29,9 EUR"
5/7/2025 2:07:53,WTB,HP,100,ELECTRONICS,,--,--,"[Electronics] WTB: 100+, HP, 120W - 7.4mm / Laptop charger, A, Offer EUR"
5/7/2025 2:06:58,WTS,--,45,NETWORKING/TELECOM,,--,--,"[Networking/Telecom] WTS: 45, Intel, Intel Xeon E5-4600 Series Grade A, REF, Offer USD"
5/7/2025 2:03:26,WTS,--,23,SERVER/STORAGE,,Used,--,"[Server/Storage] WTS: 23, SUPERMICRO, X10SRD-F Nodes - STGN-i2 / CGP-i2 / STGN-i2S, Used Pulls, 50 EUR"
5/7/2025 2:05:42,WTS,APPLE,100,MOBILE,,Used,--,"[Mobile] WTS: 100+, Apple / Samsung, LCD , ABCD, target EUR"
5/7/2025 2:04:38,WTS,--,144,NETWORKING/TELECOM,,--,--,"[Networking/Telecom] WTS: 144, Intel, Intel Xeon E5-2600V4 Series Grade A, REF, Offer USD"
5/7/2025 2:03:06,WTS,--,300,MOBILE,,New,--,"[Mobile] WTS: 300, Samsung USB Connector OTG Adapter, GH96-09728A, NEW, OFFER EUR"
5/7/2025 1:54:32,WTS,HP,100,SERVER/STORAGE,,--,--,"[Server/Storage] WTS: 100, HP, DL360 G9 no cpu/ram 2xHS 4LFF P440ar 544+FLR, A, Offer EUR"
5/7/2025 2:01:45,WTS,--,300,COMPONENTS,,New,--,"[Components] WTS: 300, Samsung USB Connector OTG Adapter, Model-nr.: GH96-09728A, NEW, OFFER EUR"
5/7/2025 1:59:21,WTS,--,500,COMPONENTS,,New,--,"[Components] WTS: 500, ALIENTECH, 512Gb SSD M.2 NVME AX360, New, Good  EUR"
5/7/2025 1:58:41,WTS,--,10,SOFTWARE,,Refurb,inc,"[Software] WTS: Any, Microsoft, Windows 10/11 Home/Pro Licenses & GMRL Labels, NEW, USD/EUR/UK EUR"
5/7/2025 6:59:29,WTS,--,10,SOFTWARE,,Refurb,inc,"[Software] WTS: Any, Microsoft, Windows 10/11 Home/Pro Licenses & GMRL Labels, NEW, USD/EUR/UK EUR"
5/7/2025 1:58:30,WTS,--,1500,NETWORKING/TELECOM,,--,--,"[Networking/Telecom] WTS: 1500+, Intel, Intel Xeon Gold 6100 Series Grade A, REF, Offer USD"
5/7/2025 1:57:02,WTB,DELL,1000,COMPONENTS,,--,--,"[Components] WTB: 1000, AC Adapters Dell/Lenovo, 65W 20V 3.25A USB-C, A, offer EUR"
5/7/2025 1:54:47,WTS,--,100,TC77HL,,New,--,"[POS] WTS: 100, ZEBRA , TC77HL - 5ME24BG-A627, New , ASK EUR"
5/7/2025 1:54:38,WTS,HP,1,FONT-FAMILY,,Used,--,"[PC] WTS: 1, HP, Z6 G5 W9-3475X 128GB 2TB, used, 2995 EUR"
5/7/2025 1:53:31,WTS,HP,30,MONITOR,,New,--,"[Monitor] WTS: 30, HP, ELITEDISPLAY E233, A, Offer EUR"
5/7/2025 1:54:16,WTS,HP,20,MONITOR,,New,--,"[Monitor] WTS: 20, HP, Monitor HP E243i, USED, OFFER EUR"
5/7/2025 1:54:04,WTS,--,40,SERVER/STORAGE,,--,--,"[Server/Storage] WTS: 40, IBM, 3550-M4 Type 7914-AC1, tested , . EUR"
5/7/2025 1:52:24,WTS,APPLE,140,COMPONENTS,,--,--,"[Components] WTS: 140, Apple, Macbook screen assembly, Mix, Offer EUR"
5/7/2025 1:50:19,WTS,LENOVO,84,LAPTOP,,Used,inc,"[Laptop] WTS: 84, Lenovo, ThinkPad L13 Gen 1 -2 / i5 10-11th / 8GB / 256GB, used, 130 EUR"
5/7/2025 1:51:22,WTS,HP,100,SERVER/STORAGE,,--,--,"[Server/Storage] WTS: 100, HP, DL380 G9 no CPU/RAM 2xHS P840 12x 3,5 2x 2,5 Rails, A, Offer EUR"
5/7/2025 1:50:56,WTS,LENOVO,55,LAPTOP,,Used,--,"[Laptop] WTS: 55, Lenovo, ThinkPad X13 / i5-10th gen 16GB-256GB ssd, used, 130 EUR"
5/7/2025 1:50:28,WTB,--,500,COMPONENTS,,--,--,"[Components] WTB: 500, intel, i5-6500 / 6500T / 6500TE, clean pull, offer USD"
5/7/2025 1:48:59,WTS,HP,16,LAPTOP,,Used,inc,"[Laptop] WTS: 16, HP, Probook 430 G8, i5-1135G7 / 8GB / 256GB, used, 110 EUR"
5/7/2025 1:47:47,WTS,HP,15,LAPTOP,,Used,inc,"[Laptop] WTS: 15, HP, Probook 430 G6, i5-8265U / 8GB / 128GB, used, 78 EUR"
5/7/2025 1:40:21,WTS,--,13,PRINTER,,New,inc,"[Printer] WTS: 13, Brother  LT-5505 & LT-340CL, printer Trays , New, boxed , . EUR"
5/7/2025 1:46:22,WTS,LENOVO,24,LAPTOP,,Used,--,"[Laptop] WTS: 24, Lenovo, ThinkPad X280 / Core i5-8th gen / 8GB / 256GB, used, 68 EUR"
5/7/2025 1:47:06,WTS,--,22,LAPTOP,,Used,inc,"[Laptop] WTS: 22, Microsoft, Surface Laptop 4 - i7-1185G7 / 16GB / 256GB / 13.5, used, 195 EUR"
5/7/2025 1:46:50,WTS,HP,9,PRINTER,,New,--,"[Printer] WTS: 9, HP, M428fdn, Brand New & Boxed, 270.00 GBP"
5/7/2025 1:45:40,WTS,--,30,COMPONENTS,,--,--,"[Components] WTS: 30+, INTEL CPU, i7-7700/8700, 3.6Ghz,SOCKET 1151, A+ GRADE, 69 EUR"
5/7/2025 1:46:37,WTS,--,250,FUJITSU,,--,--,"[PC] WTS: 250, Fujitsu, FI-6130LA, Tested, eur  EUR"
5/7/2025 1:30:27,WTS,DELL,105,LAPTOP,,--,--,"[Laptop] WTS: 105, DELL LATITUDE LAPTOPS, 3510, 3570, 5490, etc., See below, ASK/OFFER EUR"
5/7/2025 1:44:48,WTS,--,50,COMPONENTS,,--,--,"[Components] WTS: 50+, INTEL CPU, i5-7400/7500, 3.5Ghz,SOCKET 1151, A+ GRADE, 27.5 EUR"
5/7/2025 1:42:36,WTS,LENOVO,250,LAPTOP,,--,--,"[Laptop] WTS: 250, Lenovo Thinkpad x395- 16Gb 256GB, AMD AMD Ryzen 5 PRO 3500U, B Grade, offers GBP"
5/7/2025 1:44:13,WTS,HP,20,COMPONENTS,,New,inc,"[Components] WTS: 20+, HP RENEW 14 Navy Tote, 1A217AA#ABB, NEW,  8,80 â‚¬  EUR"
5/7/2025 1:42:15,WTS,LENOVO,43,LAPTOP,,Used,inc,"[Laptop] WTS: 43, Lenovo, ThinkPad L480 / Core i5-8th gen / 8GB / 256GB, used, 77 EUR"
5/7/2025 1:39:45,WTS,DELL,40,COMPONENTS,,New,inc,"[Components] WTS: 40+, DELL Power Cable 250V, 16A, 1.8m, (New Original Single Packed In Bags), NEW, 0,68 EUR"
5/7/2025 1:41:26,WTS,HP,20,COMPONENTS,,New,inc,"[Components] WTS: 20+, HP Z G3 Conferencing Speaker Bar 647Y2AA, (with stand), NEW,  9,50 â‚¬  EUR"
5/7/2025 1:41:45,WTS,HP,830,LAPTOP,,Refurb,inc,"[Laptop] WTS: 830, Hp , Microsoft, 840 g8 i7, surface pro 7 i5, laptop 3 i7, Refurbished Like new, Good  USD"
5/7/2025 1:38:31,WTS,APPLE,500,TABLET,,New,--,"[Tablet] WTS: 500, apple , pencil gen 2, Like new , 0 EUR"
5/7/2025 1:41:13,WTS,--,100,SERVER/STORAGE,,--,--,"[Server/Storage] WTS: 100pcs, intel CPU, SR3J5/6154, Clean Pull, A, call EUR"
5/7/2025 1:39:56,WTB,DELL,200,COMPONENTS,,Used,--,"[Components] WTB: 200+, Dell, AC adapter USB - C 65W, used, offer EUR"
5/7/2025 1:41:12,WTS,DELL,13,LAPTOP,,Used,inc,"[Laptop] WTS: 13, Dell, Latitude 5310 i5-10th / 16GB / 256GB, used, 95 EUR"
5/7/2025 1:39:54,WTS,--,50,COMPONENTS,,--,--,"[Components] WTS: 50pcs, intel CPU, W-2245/SRH02, Clean Pull, A, call EUR"
5/7/2025 1:40:40,WTS,--,100,SERVER/STORAGE,,--,--,"[Server/Storage] WTS: 100pcs, intel CPU, SRF90/6248, Clean Pull, A, call EUR"
5/7/2025 1:40:05,WTS,APPLE,500,TABLET,,New,--,"[Tablet] WTS: 500, apple , pencil USBC , Like new , 0 EUR"
5/7/2025 1:36:52,WTS,HP ZBOOK,20,COMPONENTS,,New,inc,"[Components] WTS: 20+, HP ZBook HDD Caddy frame - original, 847863-001, NEW,  4,20 â‚¬  EUR"
5/7/2025 1:38:15,WTS,HP,10,COMPONENTS,,New,inc,"[Components] WTS: 10+, HP Z25xs G3, 1A9C9AA#ABB, NEW, 165,4  EUR"
5/7/2025 1:33:05,WTS,HP,250,256SSD,,Refurb,--,"[PC] WTS: 250, HP, 600 G3 I5 7TH 8GB 256SSD TINY AC COA, A GRADE, ASK PRICE EUR"
5/7/2025 1:34:21,WTS,--,5,DATALOGIC,,New,--,"[POS] WTS: 5, DATALOGIC, KYMAN-NET MULTI BATTERY CHARGER, USED, OFFER EUR"
5/7/2025 1:33:23,WTS,HP,26,SERVER/STORAGE,,Refurb,inc,"[Server/Storage] WTS: 26, HP, DL380 Gen9 CTO ( 23 x 8SFF, 2 x 12LFF, 1 x 16SFF), Refurb, 70 EUR"
5/7/2025 1:29:52,WTS,--,22,NETWORKING/TELECOM,,Refurb,--,"[Networking/Telecom] WTS: 22, APC, ProtectNet Pnet1 surge protector for lan., A, Offer EUR"
5/7/2025 1:31:23,WTS,--,1,NETWORKING/TELECOM,,Refurb,--,"[Networking/Telecom] WTS: 1, CISCO, C2960S-48LPS-L, Used, Offer EUR"
5/7/2025 1:32:25,WTS,HP,100,FONT-FAMILY,,--,--,"[PC] WTS: +100, HP 400G4 DM, i3-8100T 8Gb SSD 256Gb, A-B, cheap EUR"
5/7/2025 1:31:57,WTS,DELL,170,256SSD,,Refurb,--,"[PC] WTS: 170, DELL, 3070 I5 9TH 16GB 256SSD TINY AC COA, A GRADE, ASK PRICE EUR"
5/7/2025 1:30:19,WTS,HP,3000,SERVER/STORAGE,,New,--,"[Server/Storage] WTS: 3000, HPE, heatsinks & fans for G9+G10 servers, OK, USD /  EUR"
5/7/2025 1:31:06,WTS,HP,8,SERVER/STORAGE,,Refurb,--,"[Server/Storage] WTS: 8, HP, 655874-B21 QSFP/SFP Adapter, A, Offer EUR"
5/7/2025 1:27:23,WTS,APPLE,1000,MOBILE,,--,--,"[Mobile] WTS: 1000+, Apple, iPhone 13, 14 and 15: 128GB, orignal!, A+/A, See list EUR"
5/7/2025 1:31:00,WTS,HP,1000,SERVER/STORAGE,,--,--,"[Server/Storage] WTS: 1000, HPE, rail kits for G10 servers, OK, USD /  EUR"
5/7/2025 1:30:41,WTS,--,18,SERVER/STORAGE,,Refurb,--,"[Server/Storage] WTS: 18, Major, Rack storage mix, As per list, Offer EUR"
5/7/2025 1:28:52,WTS,--,15,3225-SR0RF,,--,--,"[PC] WTS: 15, Intel, INTEL I3-3225-SR0RF Desktop processors Grade A, REF, Offer USD"
5/7/2025 1:28:20,WTS,--,80,COMPONENTS,,--,--,"[Components] WTS: 80pcs, intel CPU, W-2275/SRGSP, Clean Pull, A, call EUR"
5/7/2025 1:28:06,WTS,--,80,6100TE-SR2LS,,--,--,"[PC] WTS: 80, Intel, INTEL I3-6100TE-SR2LS Desktop processors Grade A, REF, Offer USD"
5/7/2025 1:29:25,WTS,HP,108,COMPONENTS,,Refurb,--,"[Components] WTS: 108, HP, AC Adapter 19.5V 3.33A 65W Model PPP009C, A, Offer EUR"
5/7/2025 1:28:18,WTS,HP,5000,COMPONENTS,,--,--,"[Components] WTS: 5000, DDR4, 16GB 32GB 64GB 128GB modules - wholesale, OK, USD /  EUR"
5/7/2025 1:27:45,WTS,--,40,COMPONENTS,,--,--,"[Components] WTS: 40pcs, intel CPU, 6238R / SRGZ9, Clean Pull, A, call EUR"
5/7/2025 1:26:48,WTS,APPLE,150,MOBILE,,--,--,"[Mobile] WTS: 150, Apple, iPhone 13 Mini, 128GB, original, 80+, A+/A, 232 EUR"
5/7/2025 1:26:47,WTS,LENOVO,33,LAPTOP,,--,--,"[Laptop] WTS: x33, ThinkPad X1 YOGA GEN 6 , i7-11 gen, B+ , CALL  EUR"
5/7/2025 1:26:07,WTS,--,200,COMPONENTS,,--,--,"[Components] WTS: 200+, MAJOR, 4GB DDR3 LONGDIMM, A+ GRADE, 1.9 EUR"
5/7/2025 1:26:40,WTS,--,100,COMPONENTS,,--,--,"[Components] WTS: 100+, MAJOR, 8GB DDR4 LONGDIMM, A+ GRADE, 8.5 EUR"
5/7/2025 1:26:23,WTS,--,500,COMPONENTS,,--,--,"[Components] WTS: 500+, MAJOR, DVD/DVDRW SATA 3.5"", A GRADE, TESTED, 2.2 EUR"
5/7/2025 1:26:19,WTS,APPLE,60,MOBILE,,--,--,"[Mobile] WTS: 60, Apple, iPhone SE 2022, 64GB, mixed color, A/AB, 145 EUR"
5/7/2025 1:24:53,WTS,--,1,SERVER/STORAGE,,Refurb,--,"[Server/Storage] WTS: 1, Nimble, Nimble Storage CS235 Storage Array - No HDDs, Refurb, Offers EUR"
5/7/2025 1:22:28,WTS,HP,25,NETWORKING/TELECOM,,New,--,"[Networking/Telecom] WTS: 25, HP / Aruba, JL693A - Aruba 2930F 12G PoE+ 2G/2SFP+ Switch, New, 350 EUR"
5/7/2025 1:22:01,WTS,APPLE,100,TABLET,,--,--,"[Tablet] WTS: 100, Apple, iPad 2020 (8th gen, EU spec, 32GB, AB grade, Ask EUR"
5/7/2025 1:21:43,WTS,HP,1,PRINTER,,Used,--,"[Printer] WTS: different, HP+Canon Large Format, TBA, Used/Not tested, TBA EUR"
5/7/2025 1:20:50,WTS,--,47,6100-SR2HG,,--,--,"[PC] WTS: 47, Intel, INTEL I3-6100-SR2HG Desktop processors Grade A, REF, Offer USD"
5/7/2025 1:20:02,WTS,--,1,SOFTWARE,,New,--,"[Software] WTS: 1-100, Windows, 11 Professional, new, ASK EUR"
5/7/2025 1:19:38,WTS,--,962,ELECTRONICS,,Used,--,"[Electronics] WTS: 962, IMAGOTAG, Electronic Label mix, Used, Ask EUR"
5/7/2025 1:19:22,WTS,--,18,3220-SR0RG,,--,--,"[PC] WTS: 18, Intel, INTEL I3-3220-SR0RG Desktop processors Grade A, REF, Offer USD"
5/7/2025 1:15:57,WTS,--,575,ELECTRONICS,,--,--,"[Electronics] WTS: 575, Jabra, Earbud charging cases, A Grade, Offer EUR"
5/7/2025 1:19:21,WTS,--,145,COMPONENTS,,--,--,"[Components] WTS: 145, NetApp, X357A 3.84TB 12G 2.5"" SAS SSD, Healthy Pulls, 140 GBP"
5/7/2025 1:18:15,WTS,DELL,200,LAPTOP,,Refurb,inc,"[Laptop] WTS: 200, Dell, Latitude 5520 i5-11 16GB 256GB 15.6"", Refurbished A, * USD"
5/7/2025 1:18:24,WTS,--,16,2120-SR05Y,,--,--,"[PC] WTS: 16, Intel, INTEL I3-2120-SR05Y Desktop processors Grade A, REF, Offer USD"
5/7/2025 1:16:37,WTS,HP,5,SERVER/STORAGE,,New,--,"[Server/Storage] WTS: 5, HP, PROLIANT BL460C, Used, Offer EUR"
5/7/2025 1:17:33,WTS,DELL,20,LAPTOP,,--,--,"[Laptop] WTS: 20, Dell Latitude E5490, Core i5-7300U , A, ASK EUR"
5/7/2025 1:16:50,WTS,HP,100,MONITOR,,--,--,"[Monitor] WTS: 100+, Fujitsu/HP/Dell, 22"", Gr.A, ask EUR"
5/7/2025 1:16:31,WTS,LENOVO,40,LAPTOP,,--,--,"[Laptop] WTS: 40, Lenovo, Thinkpad X13 Yoga G1 Touch, i7 1610U, 16GB, 1TB, B, ask EUR"
5/7/2025 1:16:23,WTS,DELL,50,MONITOR,,New,--,"[Monitor] WTS: 50, Dell, Monitor Dell P2319, Used, Offer EUR"
5/7/2025 1:16:08,WTS,HP,1,LAPTOP,,New,--,"[Laptop] WTS: +1, HP, HP ZBook Power 16"" G11 Laptop Workstation PC, NEW, OFFER EUR"
5/7/2025 1:15:41,WTS,--,15,ELECTRONICS,,New,--,"[Electronics] WTS: 15, Dyson, V8 Cordless vacuum cleaners, Used, Offer EUR"
5/7/2025 1:16:08,WTS,--,1000,COMPONENTS,,--,--,"[Components] WTS: 1000, Major, 4GB DDR3 Desktop RAM Long DIMM PC3, Pulls, Offer EUR"
5/7/2025 1:16:04,WTB,DELL OPTIPLEX,80,OPTIPLEX,,--,--,"[PC] WTB: 80, Dell Optiplex 5080/7080 Micro, I5 10500T/16/250, A Grade, Send Offer GBP"
5/7/2025 1:15:48,WTS,--,150,COMPONENTS,,Used,--,"[Components] WTS: 150, Major, mSATA SSDs 16-32GB, Used, Offer EUR"
5/7/2025 1:15:28,WTS,--,30,ELECTRONICS,,New,--,"[Electronics] WTS: 30, Dyson, V10 Cordless vacuum cleaners, B Grade, Offer EUR"
5/7/2025 1:15:27,WTS,LENOVO,5,MONITOR,,New,--,"[Monitor] WTS: 5, Lenovo, THINKVISION T24I-10 61CE-MAR2-WW, Used, Offer EUR"
5/7/2025 1:13:56,WTS,--,50,COMPONENTS,,--,--,"[Components] WTS: 50pcs, intel CPU, GOLD 6242 SRF8Y, Clean Pull, A, call EUR"
5/7/2025 1:13:24,WTS,--,50,COMPONENTS,,--,--,"[Components] WTS: 50pcs, intel CPU, XEON PLATINUM 8160, Clean Pull, A, call EUR"
5/7/2025 1:08:27,WTS,DELL,48,LAPTOP,,Used,--,"[Laptop] WTS: 48, Dell e5470, i5-6th / 8 / 128-256 ssd, used, ask EUR"
5/7/2025 1:04:00,WTS,LENOVO,541,LAPTOP,,--,--,"[Laptop] WTS: 541, Lenovo, docking station, A, cheap EUR"
5/7/2025 1:09:27,WTS,DELL,300,LAPTOP,,--,--,"[Laptop] WTS: 300, Dell Latitude 5570, i5-6th gen 8GB 256GB SSD COA CAM FHD + AC, A/A-, good EUR"
5/7/2025 1:10:24,WTS,HP,170,SERVER/STORAGE,,--,company,"[Server/Storage] WTS: 170, HP, HDD SAS 146GB 6G 15K 2.5, TESTED, OFFER  EUR"
5/7/2025 1:08:23,WTS,HP,320,LAPTOP,,--,--,"[Laptop] WTS: 320, HP, Docking station, A, cheap EUR"
5/7/2025 1:09:24,WTS,--,112,LAPTOP,,Used,--,"[Laptop] WTS: 112, Fujitsu u747, I5-6th / 8 / 128, used, ask EUR"
5/7/2025 1:08:30,WTS,--,1000,COMPONENTS,,--,--,"[Components] WTS: 1000, Intel, Core E8400 3.00 GHz Processors, Clean, Tested, 0,5 EUR"
5/7/2025 1:08:19,WTS,--,1240,COMPONENTS,,--,--,"[Components] WTS: 1240, Major, 2GB DDR3 SODIMM Memory, Pulls, Tested, 0.4 EUR"
5/7/2025 1:00:37,WTS,APPLE,50,MOBILE,,--,--,"[Mobile] WTS: 50, Apple, IPHONE 13 PRO 256GB, A, Ask EUR"
5/7/2025 1:03:06,WTS,LENOVO,500,LENOVO,,Used,--,"[PC] WTS: 500+, Lenovo M710t, i3-6100 / 8 / 500, used, send offer EUR"
5/7/2025 1:04:56,WTS,HP,6,LAPTOP,,Refurb,--,"[Laptop] WTS: 6, HP, HP ZBook Firefly G8 i7-1165G7 16GB SSD 256GB, Factory Refurbished, 349 EUR"
5/7/2025 1:04:50,WTS,HP,50,400G3/600G3,,--,--,"[PC] WTS: 50+, HP, HP 400G3/600G3 i5, 8Gb Ram,SSD 256, A GRADE, 61 EUR"
5/7/2025 1:03:39,WTS,DELL,107,LAPTOP,,--,--,"[Laptop] WTS: 107, Dell, docking stations, A, cheap EUR"
5/7/2025 0:56:22,WTS,APPLE,39,MOBILE,,--,--,"[Mobile] WTS: 39, Apple, iPhone 11 | 64/128GB | Black, B, BEST EUR"
5/7/2025 1:03:48,WTS,--,60,LAPTOP,,New,--,"[Laptop] WTS: 60, Targus, Targus USB 3.0 Docking Station dual video, NEW Retail, cheap EUR"
5/7/2025 1:03:28,WTS,LENOVO,133,LAPTOP,,--,--,"[Laptop] WTS: 133, Fujitsu, docking station, A, cheap EUR"
5/7/2025 1:02:45,WTS,LENOVO,74,LAPTOP,,Used,--,"[Laptop] WTS: 74, Lenovo T470, i5-6th / 8 / 128, used, ask EUR"
5/7/2025 0:58:08,WTS,--,50,X2610G,,--,--,"[PC] WTS: 50+, ACER, X2610G SFF i3, 8Gb, SSD 120, A GRADE, 11.9 EUR"
5/7/2025 1:00:15,WTB,DELL,50,FONT-FAMILY,,--,--,"[PC] WTB: 50+, dell slim tower from 8 gen , dell slim tower from 8 gen , a b, euro EUR"
5/7/2025 0:59:26,WTS,HP,100,600G2/800G2,,--,--,"[PC] WTS: 100+, HP, HP 600G2/800G2 SFF i5-6500, 8Gb Ram,SSD 120Gb, A GRADE, 53 EUR"
5/7/2025 0:59:04,WTS,HP,50,SSD120,,--,--,"[PC] WTS: 50+, HP, HP 400G2.5 SFF i5-4570s, 8Gb Ram, SSD120, A GRADE, 29.9 EUR"
